Price,Prediction,Actual,Accurate
1339.1,Stayed,Fell,0
1338.65,Stayed,Rose,0
1340.5,Stayed,Stayed,1
1340.5,Stayed,Stayed,1
1340.5,Stayed,Fell,0
1327.0,Stayed,Fell,0
1322.5,Stayed,Fell,0
1318.1,Stayed,Rose,0
1322.5,Stayed,Fell,0
1313.3,Stayed,Stayed,1
1313.3,Stayed,Stayed,1
1313.3,Stayed,Fell,0
1283.3,Stayed,Fell,0
1269.4,Stayed,Fell,0
1254.5,Stayed,Rose,0
1258.75,Stayed,Rose,0
1259.5,Stayed,Stayed,1
1259.5,Stayed,Stayed,1
1259.5,Stayed,Fell,0
1253.45,Stayed,Rose,0
1256.5,Stayed,Rose,0
1261.05,Stayed,Fell,0
1251.75,Stayed,Rose,0
1254.8,Stayed,Stayed,1
1254.8,Stayed,Stayed,1
1254.8,Stayed,Rose,0
1258.2,Stayed,Rose,0
1269.05,Stayed,Rose,0
1271.65,Stayed,Fell,0
1266.05,Stayed,Fell,0
1265.55,Stayed,Stayed,1
1265.55,Stayed,Stayed,1
1265.55,Stayed,Rose,0
1269.4,Stayed,Rose,0
1270.5,Stayed,Fell,0
1266.25,Stayed,Rose,0
1273.0,Stayed,Fell,0
1272.0,Stayed,Stayed,1
1272.0,Stayed,Stayed,1
1272.0,Stayed,Rose,0
1288.45,Stayed,Rose,0
1303.75,Stayed,Fell,0
1301.0,Stayed,Rose,0
1302.8,Stayed,Fell,0
1283.05,Stayed,Stayed,1
1283.05,Stayed,Stayed,1
1283.05,Stayed,Fell,0
1282.35,Stayed,Fell,0
1281.4,Stayed,Fell,0
1267.5,Stayed,Fell,0
1236.45,Stayed,Fell,0
1213.6,Stayed,Stayed,1
1213.6,Stayed,Stayed,1
1213.6,Stayed,Rose,0
1226.95,Stayed,Rose,0
1229.2,Stayed,Fell,0
1226.75,Stayed,Fell,0
1211.0,Stayed,Rose,0
1214.25,Stayed,Stayed,1
1214.25,Stayed,Stayed,1
1214.25,Stayed,Fell,0
1212.25,Stayed,Fell,0
1185.35,Stayed,Rose,0
1186.1,Stayed,Rose,0
1187.7,Stayed,Fell,0
1187.0,Stayed,Stayed,1
1187.0,Stayed,Stayed,1
1187.0,Stayed,Fell,0
1186.55,Stayed,Fell,0
1178.1,Stayed,Fell,0
1161.85,Stayed,Rose,0
1173.5,Stayed,Fell,0
1162.2,Stayed,Stayed,1
1162.2,Stayed,Stayed,1
1162.2,Stayed,Rose,0
1172.5,Stayed,Rose,0
1177.65,Stayed,Fell,0
1171.05,Stayed,Fell,0
1163.6,Stayed,Fell,0
1156.1,Stayed,Stayed,1
1156.1,Stayed,Stayed,1
1156.1,Stayed,Rose,0
1158.55,Stayed,Rose,0
1162.25,Stayed,Fell,0
1126.95,Stayed,Rose,0
1131.6,Stayed,Rose,0
1136.25,Stayed,Stayed,1
1136.25,Stayed,Stayed,1
1136.25,Stayed,Fell,0
1125.7,Stayed,Rose,0
1133.65,Stayed,Fell,0
1131.35,Stayed,Stayed,1
1131.35,Stayed,Rose,0
1134.6,Stayed,Stayed,1
1134.6,Stayed,Stayed,1
1134.6,Stayed,Stayed,1
1134.6,Stayed,Stayed,1
1134.6,Stayed,Rose,0
1145.9,Stayed,Stayed,1
1145.9,Stayed,Rose,0
1151.0,Stayed,Stayed,1
1151.0,Stayed,Stayed,1
1151.0,Stayed,Stayed,1
1151.0,Stayed,Rose,0
1164.25,Stayed,Rose,0
1176.7,Stayed,Fell,0
1175.85,Stayed,Rose,0
1178.5,Stayed,Stayed,1
1178.5,Stayed,Stayed,1
1178.5,Stayed,Rose,0
1189.5,Stayed,Fell,0
1178.55,Stayed,Rose,0
1205.05,Stayed,Fell,0
1190.35,Stayed,Rose,0
1203.0,Stayed,Stayed,1
1203.0,Stayed,Stayed,1
1203.0,Stayed,Rose,0
1216.05,Stayed,Fell,0
1214.75,Stayed,Fell,0
1196.05,Stayed,Rose,0
1200.55,Stayed,Rose,0
1212.85,Stayed,Stayed,1
1212.85,Stayed,Stayed,1
1212.85,Stayed,Rose,0
1216.8,Stayed,Fell,0
1195.0,Stayed,Fell,0
1189.7,Stayed,Fell,0
1184.85,Stayed,Rose,0
1192.8,Stayed,Stayed,1
1192.8,Stayed,Stayed,1
1192.8,Stayed,Rose,0
1212.8,Stayed,Fell,0
1203.65,Stayed,Rose,0
1221.95,Stayed,Fell,0
1215.2,Stayed,Rose,0
1226.75,Stayed,Stayed,1
1226.75,Stayed,Stayed,1
1226.75,Stayed,Rose,0
1231.0,Stayed,Rose,0
1242.1,Stayed,Fell,0
1236.8,Stayed,Fell,0
1228.3,Stayed,Fell,0
1222.25,Stayed,Stayed,1
1222.25,Stayed,Stayed,1
1222.25,Stayed,Rose,0
1230.75,Stayed,Fell,0
1224.4,Stayed,Rose,0
1240.55,Stayed,Rose,0
1241.95,Stayed,Fell,0
1237.3,Stayed,Stayed,1
1237.3,Stayed,Stayed,1
1237.3,Stayed,Fell,0
1233.2,Stayed,Rose,0
1236.65,Stayed,Rose,0
1247.9,Stayed,Rose,0
1253.65,Stayed,Rose,0
1257.2,Stayed,Stayed,1
1257.2,Stayed,Stayed,1
1257.2,Stayed,Fell,0
1255.6,Stayed,Fell,0
1240.4,Stayed,Fell,0
1238.1,Stayed,Fell,0
1226.5,Stayed,Rose,0
1230.95,Stayed,Stayed,1
1230.95,Stayed,Stayed,1
1230.95,Stayed,Fell,0
1216.65,Stayed,Fell,0
1209.2,Stayed,Fell,0
1206.55,Stayed,Fell,0
1202.65,Stayed,Rose,0
1204.2,Stayed,Stayed,1
1204.2,Stayed,Stayed,1
1204.2,Stayed,Rose,0
1204.6,Stayed,Fell,0
1198.8,Stayed,Rose,0
1229.35,Stayed,Rose,0
1229.6,Stayed,Rose,0
1232.4,Stayed,Stayed,1
1232.4,Stayed,Stayed,1
1232.4,Stayed,Rose,0
1241.6,Stayed,Rose,0
1249.05,Stayed,Fell,0
1247.5,Stayed,Stayed,1
1247.5,Stayed,Rose,0
1257.55,Stayed,Stayed,1
1257.55,Stayed,Stayed,1
1257.55,Stayed,Fell,0
1257.25,Stayed,Fell,0
1251.1,Stayed,Fell,0
1248.8,Stayed,Fell,0
1244.85,Stayed,Rose,0
1247.25,Stayed,Stayed,1
1247.25,Stayed,Stayed,1
1247.25,Stayed,Rose,0
1257.65,Stayed,Fell,0
1245.8,Stayed,Rose,0
1252.5,Stayed,Rose,0
1266.45,Stayed,Fell,0
1250.05,Stayed,Stayed,1
1250.05,Stayed,Stayed,1
1250.05,Stayed,Rose,0
1252.9,Stayed,Rose,0
1274.3,Stayed,Rose,0
1284.15,Stayed,Fell,0
1278.95,Stayed,Stayed,1
1278.95,Stayed,Stayed,1
1278.95,Stayed,Stayed,1
1278.95,Stayed,Stayed,1
1278.95,Stayed,Rose,0
1279.05,Stayed,Rose,0
1282.1,Stayed,Fell,0
1281.85,Stayed,Fell,0
1269.4,Stayed,Stayed,1
1269.4,Stayed,Stayed,1
1269.4,Stayed,Fell,0
1267.8,Stayed,Fell,0
1261.85,Stayed,Rose,0
1262.8,Stayed,Rose,0
1266.45,Stayed,Fell,0
1255.45,Stayed,Stayed,1
1255.45,Stayed,Stayed,1
1255.45,Stayed,Stayed,1
1255.45,Stayed,Fell,0
1250.3,Stayed,Fell,0
1228.45,Stayed,Fell,0
1228.05,Stayed,Rose,0
1229.8,Stayed,Stayed,1
1229.8,Stayed,Stayed,1
1229.8,Stayed,Fell,0
1220.4,Stayed,Rose,0
1222.95,Stayed,Rose,0
1223.15,Stayed,Rose,0
1231.25,Stayed,Rose,0
1233.3,Stayed,Stayed,1
1233.3,Stayed,Stayed,1
1233.3,Stayed,Rose,0
1234.2,Stayed,Rose,0
1257.4,Stayed,Fell,0
1255.9,Stayed,Fell,0
1252.0,Stayed,Rose,0
1258.85,Stayed,Stayed,1
1258.85,Stayed,Stayed,1
1258.85,Stayed,Rose,0
1260.2,Stayed,Fell,0
1252.55,Stayed,Rose,0
1256.95,Stayed,Rose,0
1265.05,Stayed,Fell,0
1262.7,Stayed,Stayed,1
1262.7,Stayed,Stayed,1
1262.7,Stayed,Stayed,1
1262.7,Stayed,Rose,0
1266.2,Stayed,Fell,0
1264.85,Stayed,Rose,0
1274.95,Stayed,Rose,0
1279.95,Stayed,Stayed,1
1279.95,Stayed,Stayed,1
1279.95,Stayed,Rose,0
1293.5,Stayed,Fell,0
1291.0,Stayed,Fell,0
1273.1,Stayed,Fell,0
1266.55,Stayed,Fell,0
1266.4,Stayed,Stayed,1
1266.4,Stayed,Stayed,1
1266.4,Stayed,Fell,0
1262.0,Stayed,Rose,0
1275.5,Stayed,Fell,0
1254.55,Stayed,Rose,0
1255.4,Stayed,Fell,0
1248.15,Stayed,Stayed,1
1248.15,Stayed,Stayed,1
1248.15,Stayed,Fell,0
1242.2,Stayed,Rose,0
1242.5,Stayed,Rose,0
1250.8,Stayed,Rose,0
1255.7,Stayed,Fell,0
1245.25,Stayed,Stayed,1
1245.25,Stayed,Stayed,1
1245.25,Stayed,Rose,0
1249.55,Stayed,Fell,0
1248.0,Stayed,Fell,0
1243.5,Stayed,Fell,0
1242.25,Stayed,Fell,0
1229.25,Stayed,Stayed,1
1229.25,Stayed,Stayed,1
1229.25,Stayed,Fell,0
1223.75,Stayed,Fell,0
1220.3,Stayed,Rose,0
1224.9,Stayed,Fell,0
1215.65,Stayed,Fell,0
1211.9,Stayed,Stayed,1
1211.9,Stayed,Stayed,1
1211.9,Stayed,Fell,0
1211.05,Stayed,Rose,0
1218.8,Stayed,Rose,0
1218.9,Stayed,Rose,0
1230.3,Stayed,Rose,0
1234.1,Stayed,Stayed,1
1234.1,Stayed,Stayed,1
1234.1,Stayed,Rose,0
1240.75,Stayed,Rose,0
1242.15,Stayed,Fell,0
1238.7,Stayed,Rose,0
1248.55,Stayed,Rose,0
1255.55,Stayed,Stayed,1
1255.55,Stayed,Stayed,1
1255.55,Stayed,Fell,0
1254.4,Stayed,Fell,0
1248.1,Stayed,Rose,0
1261.1,Stayed,Rose,0
1264.9,Stayed,Rose,0
1267.55,Stayed,Stayed,1
1267.55,Stayed,Stayed,1
1267.55,Stayed,Rose,0
1270.95,Stayed,Fell,0
1269.6,Stayed,Fell,0
1268.1,Stayed,Fell,0
1257.7,Stayed,Rose,0
1258.0,Stayed,Stayed,1
1258.0,Stayed,Stayed,1
1258.0,Stayed,Rose,0
1261.8,Stayed,Rose,0
1271.05,Stayed,Rose,0
1284.4,Stayed,Rose,0
1286.1,Stayed,Fell,0
1282.3,Stayed,Stayed,1
1282.3,Stayed,Stayed,1
1282.3,Stayed,Fell,0
1270.3,Stayed,Rose,0
1272.75,Stayed,Rose,0
1285.15,Stayed,Rose,0
1295.8,Stayed,Fell,0
1292.9,Stayed,Stayed,1
1292.9,Stayed,Stayed,1
1292.9,Stayed,Fell,0
1284.2,Stayed,Rose,0
1286.65,Stayed,Rose,0
1289.0,Stayed,Fell,0
1285.3,Stayed,Rose,0
1318.65,Stayed,Stayed,1
1318.65,Stayed,Stayed,1
1318.65,Stayed,Stayed,1
1318.65,Stayed,Fell,0
1308.5,Stayed,Rose,0
1311.75,Stayed,Rose,0
1320.4,Stayed,Rose,0
1333.1,Stayed,Stayed,1
1333.1,Stayed,Stayed,1
1333.1,Stayed,Rose,0
1335.55,Stayed,Rose,0
1337.85,Stayed,Rose,0
1343.5,Stayed,Rose,0
1346.25,Stayed,Fell,0
1334.2,Stayed,Stayed,1
1334.2,Stayed,Stayed,1
1334.2,Stayed,Fell,0
1326.5,Stayed,Rose,0
1327.55,Stayed,Fell,0
1324.55,Stayed,Fell,0
1322.85,Stayed,Fell,0
1312.1,Stayed,Stayed,1
1312.1,Stayed,Stayed,1
1312.1,Stayed,Fell,0
1309.6,Stayed,Rose,0
1311.3,Stayed,Fell,0
1292.1,Stayed,Rose,0
1294.8,Stayed,Fell,0
1293.3,Stayed,Stayed,1
1293.3,Stayed,Stayed,1
1293.3,Stayed,Rose,0
1300.05,Stayed,Fell,0
1282.55,Stayed,Rose,0
1283.35,Stayed,Fell,0
1283.1,Stayed,Fell,0
1273.7,Stayed,Stayed,1
1273.7,Stayed,Stayed,1
1273.7,Stayed,Fell,0
1271.25,Stayed,Rose,0
1274.25,Stayed,Rose,0
1274.5,Stayed,Fell,0
1261.8,Stayed,Rose,0
1278.75,Stayed,Stayed,1
1278.75,Stayed,Stayed,1
1278.75,Stayed,Rose,0
1291.4,Stayed,Fell,0
1289.25,Stayed,Rose,0
1290.25,Stayed,Rose,0
1299.6,Stayed,Rose,0
1303.3,Stayed,Stayed,1
1303.3,Stayed,Stayed,1
1303.3,Stayed,Fell,0
1284.75,Stayed,Fell,0
1280.2,Stayed,Rose,0
1286.4,Stayed,Fell,0
1281.2,Stayed,Fell,0
1274.9,Stayed,Stayed,1
1274.9,Stayed,Stayed,1
1274.9,Stayed,Rose,0
1276.45,Stayed,Fell,0
1275.0,Stayed,Fell,0
1273.75,Stayed,Fell,0
1266.45,Stayed,Rose,0
1272.0,Stayed,Stayed,1
1272.0,Stayed,Stayed,1
1272.0,Stayed,Fell,0
1270.15,Stayed,Rose,0
1277.05,Stayed,Rose,0
1279.2,Stayed,Fell,0
1267.2,Stayed,Rose,0
1270.9,Stayed,Stayed,1
1270.9,Stayed,Stayed,1
1270.9,Stayed,Rose,0
1275.6,Stayed,Rose,0
1284.0,Stayed,Rose,0
1284.8,Stayed,Fell,0
1284.3,Stayed,Fell,0
1277.95,Stayed,Stayed,1
1277.95,Stayed,Stayed,1
1277.95,Stayed,Fell,0
1274.6,Stayed,Rose,0
1282.2,Stayed,Fell,0
1280.0,Stayed,Rose,0
1284.35,Stayed,Rose,0
1286.2,Stayed,Stayed,1
1286.2,Stayed,Stayed,1
1286.2,Stayed,Fell,0
1283.3,Stayed,Rose,0
1286.95,Stayed,Rose,0
1290.35,Stayed,Rose,0
1290.5,Stayed,Rose,0
1294.9,Stayed,Stayed,1
1294.9,Stayed,Stayed,1
1294.9,Stayed,Fell,0
1291.85,Stayed,Fell,0
1283.85,Stayed,Fell,0
1280.2,Stayed,Fell,0
1275.5,Stayed,Fell,0
1273.45,Stayed,Stayed,1
1273.45,Stayed,Stayed,1
1273.45,Stayed,Fell,0
1266.3,Stayed,Fell,0
1263.7,Stayed,Fell,0
1255.0,Stayed,Fell,0
1250.65,Stayed,Fell,0
1247.15,Stayed,Stayed,1
1247.15,Stayed,Stayed,1
1247.15,Stayed,Fell,0
1240.9,Stayed,Rose,0
1242.65,Stayed,Rose,0
1251.0,Stayed,Rose,0
1254.6,Stayed,Rose,0
1260.6,Stayed,Stayed,1
1260.6,Stayed,Stayed,1
1260.6,Stayed,Fell,0
1260.35,Stayed,Rose,0
1264.55,Stayed,Stayed,1
1264.55,Stayed,Stayed,1
1264.55,Stayed,Rose,0
1279.4,Stayed,Stayed,1
1279.4,Stayed,Stayed,1
1279.4,Stayed,Stayed,1
1279.4,Stayed,Stayed,1
1279.4,Stayed,Rose,0
1291.0,Stayed,Stayed,1
1291.0,Stayed,Rose,0
1312.05,Stayed,Stayed,1
1312.05,Stayed,Stayed,1
1312.05,Stayed,Stayed,1
1312.05,Stayed,Rose,0
1314.9,Stayed,Fell,0
1314.5,Stayed,Rose,0
1317.15,Stayed,Rose,0
1319.95,Stayed,Stayed,1
1319.95,Stayed,Stayed,1
1319.95,Stayed,Fell,0
1311.0,Stayed,Rose,0
1319.75,Stayed,Rose,0
1323.05,Stayed,Rose,0
1326.8,Stayed,Rose,0
1339.25,Stayed,Stayed,1
1339.25,Stayed,Stayed,1
1339.25,Stayed,Fell,0
1333.85,Stayed,Rose,0
1335.65,Stayed,Fell,0
1332.2,Stayed,Rose,0
1334.95,Stayed,Fell,0
1332.6,Stayed,Stayed,1
1332.6,Stayed,Stayed,1
1332.6,Stayed,Rose,0
1333.4,Stayed,Rose,0
1353.7,Stayed,Rose,0
1354.95,Stayed,Fell,0
1353.15,Stayed,Fell,0
1343.85,Stayed,Stayed,1
1343.85,Stayed,Stayed,1
1343.85,Stayed,Rose,0
1344.9,Stayed,Rose,0
1345.05,Stayed,Fell,0
1341.35,Stayed,Fell,0
1331.15,Stayed,Rose,0
1333.6,Stayed,Stayed,1
1333.6,Stayed,Stayed,1
1333.6,Stayed,Fell,0
1331.4,Stayed,Fell,0
1324.65,Stayed,Fell,0
1315.45,Stayed,Fell,0
1314.1,Stayed,Rose,0
1322.3,Stayed,Stayed,1
1322.3,Stayed,Stayed,1
1322.3,Stayed,Rose,0
1325.35,Stayed,Rose,0
1336.25,Stayed,Rose,0
1352.45,Stayed,Fell,0
1352.1,Stayed,Fell,0
1346.6,Stayed,Stayed,1
1346.6,Stayed,Stayed,1
1346.6,Stayed,Fell,0
1339.85,Stayed,Fell,0
1330.5,Stayed,Fell,0
1328.35,Stayed,Fell,0
1327.95,Stayed,Rose,0
1333.5,Stayed,Stayed,1
1333.5,Stayed,Stayed,1
1333.5,Stayed,Fell,0
1325.75,Stayed,Fell,0
1317.85,Stayed,Fell,0
1307.75,Stayed,Rose,0
1322.3,Stayed,Fell,0
1320.4,Stayed,Stayed,1
1320.4,Stayed,Stayed,1
1320.4,Stayed,Rose,0
1331.4,Stayed,Fell,0
1329.4,Stayed,Fell,0
1321.0,Stayed,Fell,0
1320.6,Stayed,Fell,0
1319.15,Stayed,Stayed,1
1319.15,Stayed,Stayed,1
1319.15,Stayed,Rose,0
1322.75,Stayed,Rose,0
1323.55,Stayed,Fell,0
1318.75,Stayed,Fell,0
1310.1,Stayed,Rose,0
1312.4,Stayed,Stayed,1
1312.4,Stayed,Stayed,1
1312.4,Stayed,Fell,0
1311.0,Stayed,Rose,0
1321.35,Stayed,Rose,0
1329.15,Stayed,Rose,0
1346.6,Stayed,Rose,0
1352.4,Stayed,Stayed,1
1352.4,Stayed,Stayed,1
1352.4,Stayed,Fell,0
1341.45,Stayed,Fell,0
1332.45,Stayed,Fell,0
1323.85,Stayed,Rose,0
1333.45,Stayed,Stayed,1
1333.45,Stayed,Stayed,1
1333.45,Stayed,Stayed,1
1333.45,Stayed,Stayed,1
1333.45,Stayed,Rose,0
1337.3,Stayed,Fell,0
1327.7,Stayed,Rose,0
1331.2,Stayed,Rose,0
1331.95,Stayed,Stayed,1
1331.95,Stayed,Stayed,1
1331.95,Stayed,Rose,0
1338.95,Stayed,Rose,0
1350.75,Stayed,Fell,0
1341.35,Stayed,Rose,0
1343.7,Stayed,Rose,0
1349.35,Stayed,Stayed,1
1349.35,Stayed,Stayed,1
1349.35,Stayed,Fell,0
1342.1,Stayed,Rose,0
1351.45,Stayed,Fell,0
1348.6,Stayed,Fell,0
1336.75,Stayed,Fell,0
1324.3,Stayed,Stayed,1
1324.3,Stayed,Stayed,1
1324.3,Stayed,Rose,0
1328.85,Stayed,Fell,0
1321.65,Stayed,Fell,0
1320.7,Stayed,Rose,0
1321.5,Stayed,Fell,0
1313.2,Stayed,Stayed,1
1313.2,Stayed,Stayed,1
1313.2,Stayed,Fell,0
1307.1,Stayed,Fell,0
1304.2,Stayed,Rose,0
1315.05,Stayed,Fell,0
1309.4,Stayed,Fell,0
1306.6,Stayed,Stayed,1
1306.6,Stayed,Stayed,1
1306.6,Stayed,Stayed,1
1306.6,Stayed,Rose,0
1313.85,Stayed,Rose,0
1318.8,Stayed,Rose,0
1324.35,Stayed,Fell,0
1319.85,Stayed,Stayed,1
1319.85,Stayed,Stayed,1
1319.85,Stayed,Fell,0
1295.0,Stayed,Fell,0
1291.25,Stayed,Fell,0
1289.5,Stayed,Fell,0
1288.3,Stayed,Rose,0
1288.35,Stayed,Stayed,1
1288.35,Stayed,Stayed,1
1288.35,Stayed,Rose,0
1293.05,Stayed,Fell,0
1289.0,Stayed,Rose,0
1304.85,Stayed,Fell,0
1303.5,Stayed,Fell,0
1295.5,Stayed,Stayed,1
1295.5,Stayed,Stayed,1
1295.5,Stayed,Stayed,1
1295.5,Stayed,Rose,0
1300.7,Stayed,Rose,0
1305.35,Stayed,Fell,0
1294.6,Stayed,Rose,0
1295.45,Stayed,Stayed,1
1295.45,Stayed,Stayed,1
1295.45,Stayed,Fell,0
1292.05,Stayed,Rose,0
1300.1,Stayed,Fell,0
1297.25,Stayed,Rose,0
1298.25,Stayed,Rose,0
1299.6,Stayed,Stayed,1
1299.6,Stayed,Stayed,1
1299.6,Stayed,Fell,0
1298.65,Stayed,Fell,0
1296.15,Stayed,Rose,0
1302.75,Stayed,Fell,0
1285.25,Stayed,Fell,0
1281.55,Stayed,Stayed,1
1281.55,Stayed,Stayed,1
1281.55,Stayed,Fell,0
1276.15,Stayed,Fell,0
1274.2,Stayed,Fell,0
1266.15,Stayed,Rose,0
1269.15,Stayed,Fell,0
1268.7,Stayed,Stayed,1
1268.7,Stayed,Stayed,1
1268.7,Stayed,Fell,0
1260.3,Stayed,Fell,0
1254.6,Stayed,Fell,0
1251.55,Stayed,Fell,0
1250.45,Stayed,Fell,0
1247.8,Stayed,Stayed,1
1247.8,Stayed,Stayed,1
1247.8,Stayed,Rose,0
1251.75,Stayed,Rose,0
1255.65,Stayed,Fell,0
1255.5,Stayed,Fell,0
1255.35,Stayed,Rose,0
1262.05,Stayed,Stayed,1
1262.05,Stayed,Stayed,1
1262.05,Stayed,Fell,0
1254.0,Stayed,Fell,0
1251.4,Stayed,Fell,0
1245.9,Stayed,Fell,0
1241.7,Stayed,Fell,0
1241.1,Stayed,Stayed,1
1241.1,Stayed,Stayed,1
1241.1,Stayed,Fell,0
1232.8,Stayed,Fell,0
1224.5,Stayed,Fell,0
1217.55,Stayed,Rose,0
1228.75,Stayed,Fell,0
1224.95,Stayed,Stayed,1
1224.95,Stayed,Stayed,1
1224.95,Stayed,Rose,0
1228.35,Stayed,Rose,0
1231.5,Stayed,Fell,0
1228.25,Stayed,Fell,0
1223.95,Stayed,Fell,0
1223.8,Stayed,Stayed,1
1223.8,Stayed,Stayed,1
1223.8,Stayed,Fell,0
1220.95,Stayed,Fell,0
1219.0,Stayed,Fell,0
1215.45,Stayed,Rose,0
1216.3,Stayed,Fell,0
1209.65,Stayed,Stayed,1
1209.65,Stayed,Stayed,1
1209.65,Stayed,Rose,0
1212.35,Stayed,Fell,0
1209.55,Stayed,Rose,0
1214.35,Stayed,Rose,0
1214.4,Stayed,Fell,0
1200.35,Stayed,Stayed,1
1200.35,Stayed,Stayed,1
1200.35,Stayed,Fell,0
1197.0,Stayed,Fell,0
1182.0,Stayed,Fell,0
1180.4,Stayed,Fell,0
1178.4,Stayed,Rose,0
1184.35,Stayed,Stayed,1
1184.35,Stayed,Stayed,1
1184.35,Stayed,Rose,0
1190.95,Stayed,Rose,0
1196.65,Stayed,Fell,0
1192.35,Stayed,Rose,0
1197.7,Stayed,Rose,0
1212.25,Stayed,Stayed,1
1212.25,Stayed,Stayed,1
1212.25,Stayed,Stayed,1
1212.25,Stayed,Fell,0
1204.2,Stayed,Fell,0
1197.3,Stayed,Rose,0
1202.45,Stayed,Fell,0
1200.05,Stayed,Stayed,1
1200.05,Stayed,Stayed,1
1200.05,Stayed,Fell,0
1190.85,Stayed,Rose,0
1196.7,Stayed,Rose,0
1205.15,Stayed,Fell,0
1198.9,Stayed,Fell,0
1196.6,Stayed,Stayed,1
1196.6,Stayed,Stayed,1
1196.6,Stayed,Fell,0
1189.85,Stayed,Rose,0
1195.6,Stayed,Rose,0
1209.8,Stayed,Fell,0
1201.95,Stayed,Fell,0
1201.9,Stayed,Stayed,1
1201.9,Stayed,Stayed,1
1201.9,Stayed,Fell,0
1200.2,Stayed,Rose,0
1203.3,Stayed,Rose,0
1208.35,Stayed,Fell,0
1198.7,Stayed,Rose,0
1202.75,Stayed,Stayed,1
1202.75,Stayed,Stayed,1
1202.75,Stayed,Fell,0
1201.9,Stayed,Fell,0
1194.25,Stayed,Fell,0
1185.4,Stayed,Rose,0
1187.25,Stayed,Rose,0
1189.35,Stayed,Stayed,1
1189.35,Stayed,Stayed,1
1189.35,Stayed,Rose,0
1204.7,Stayed,Fell,0
1201.2,Stayed,Rose,0
1203.45,Stayed,Rose,0
1203.8,Stayed,Fell,0
1186.95,Stayed,Stayed,1
1186.95,Stayed,Stayed,1
1186.95,Stayed,Fell,0
1185.55,Stayed,Rose,0
1188.6,Stayed,Rose,0
1205.55,Stayed,Rose,0
1219.75,Stayed,Rose,0
1229.95,Stayed,Stayed,1
1229.95,Stayed,Stayed,1
1229.95,Stayed,Rose,0
1230.7,Stayed,Fell,0
1229.05,Stayed,Fell,0
1223.0,Stayed,Rose,0
1227.85,Stayed,Fell,0
1222.3,Stayed,Stayed,1
1222.3,Stayed,Stayed,1
1222.3,Stayed,Rose,0
1235.95,Stayed,Fell,0
1230.55,Stayed,Rose,0
1230.8,Stayed,Rose,0
1233.85,Stayed,Fell,0
1230.8,Stayed,Stayed,1
1230.8,Stayed,Stayed,1
1230.8,Stayed,Fell,0
1225.4,Stayed,Fell,0
1214.95,Stayed,Rose,0
1231.15,Stayed,Rose,0
1232.1,Stayed,Rose,0
1232.25,Stayed,Stayed,1
1232.25,Stayed,Stayed,1
1232.25,Stayed,Fell,0
1231.6,Stayed,Fell,0
1229.95,Stayed,Fell,0
1224.15,Stayed,Fell,0
1211.4,Stayed,Fell,0
1205.55,Stayed,Stayed,1
1205.55,Stayed,Stayed,1
1205.55,Stayed,Fell,0
1202.1,Stayed,Rose,0
1203.25,Stayed,Rose,0
1211.85,Stayed,Rose,0
1222.4,Stayed,Fell,0
1221.6,Stayed,Stayed,1
1221.6,Stayed,Stayed,1
1221.6,Stayed,Rose,0
1223.0,Stayed,Rose,0
1226.1,Stayed,Rose,0
1227.05,Stayed,Fell,0
1223.65,Stayed,Fell,0
1223.4,Stayed,Stayed,1
1223.4,Stayed,Stayed,1
1223.4,Stayed,Fell,0
1221.2,Stayed,Fell,0
1213.25,Stayed,Rose,0
1226.25,Stayed,Fell,0
1217.55,Stayed,Rose,0
1230.3,Stayed,Stayed,1
1230.3,Stayed,Stayed,1
1230.3,Stayed,Rose,0
1240.3,Stayed,Fell,0
1235.9,Stayed,Rose,0
1242.55,Stayed,Rose,0
1243.3,Stayed,Rose,0
1245.35,Stayed,Stayed,1
1245.35,Stayed,Stayed,1
1245.35,Stayed,Fell,0
1245.3,Stayed,Rose,0
1245.75,Stayed,Fell,0
1242.75,Stayed,Fell,0
1235.35,Stayed,Rose,0
1241.65,Stayed,Stayed,1
1241.65,Stayed,Stayed,1
1241.65,Stayed,Rose,0
1246.3,Stayed,Rose,0
1255.0,Stayed,Rose,0
1259.75,Stayed,Fell,0
1258.15,Stayed,Stayed,1
1258.15,Stayed,Stayed,1
1258.15,Stayed,Stayed,1
1258.15,Stayed,Rose,0
1268.0,Stayed,Stayed,1
1268.0,Stayed,Stayed,1
1268.0,Stayed,Rose,0
1279.0,Stayed,Stayed,1
1279.0,Stayed,Stayed,1
1279.0,Stayed,Stayed,1
1279.0,Stayed,Rose,0
1282.9,Stayed,Stayed,1
1282.9,Stayed,Rose,0
1290.45,Stayed,Fell,0
1279.9,Stayed,Rose,0
1292.2,Stayed,Stayed,1
1292.2,Stayed,Stayed,1
1292.2,Stayed,Fell,0
1286.45,Stayed,Rose,0
1288.6,Stayed,Rose,0
1291.9,Stayed,Fell,0
1288.95,Stayed,Rose,0
1292.75,Stayed,Stayed,1
1292.75,Stayed,Stayed,1
1292.75,Stayed,Rose,0
1294.4,Stayed,Fell,0
1292.3,Stayed,Fell,0
1290.7,Stayed,Fell,0
1284.2,Stayed,Fell,0
1279.55,Stayed,Stayed,1
1279.55,Stayed,Stayed,1
1279.55,Stayed,Rose,0
1282.1,Stayed,Fell,0
1279.8,Stayed,Rose,0
1283.7,Stayed,Rose,0
1293.9,Stayed,Rose,0
1302.15,Stayed,Stayed,1
1302.15,Stayed,Stayed,1
1302.15,Stayed,Rose,0
1307.55,Stayed,Rose,0
1310.7,Stayed,Rose,0
1323.25,Stayed,Fell,0
1318.7,Stayed,Fell,0
1312.15,Stayed,Stayed,1
1312.15,Stayed,Stayed,1
1312.15,Stayed,Rose,0
1314.2,Stayed,Fell,0
1312.4,Stayed,Fell,0
1310.0,Stayed,Rose,0
1314.85,Stayed,Fell,0
1306.4,Stayed,Stayed,1
1306.4,Stayed,Stayed,1
1306.4,Stayed,Rose,0
1310.0,Stayed,Rose,0
1312.8,Stayed,Fell,0
1311.45,Stayed,Rose,0
1316.55,Stayed,Rose,0
1325.5,Stayed,Stayed,1
1325.5,Stayed,Stayed,1
1325.5,Stayed,Rose,0
1334.15,Stayed,Rose,0
1343.75,Stayed,Fell,0
1331.25,Stayed,Fell,0
1329.05,Stayed,Rose,0
1331.05,Stayed,Stayed,1
1331.05,Stayed,Stayed,1
1331.05,Stayed,Fell,0
1325.05,Stayed,Fell,0
1322.85,Stayed,Fell,0
1319.15,Stayed,Fell,0
1311.95,Stayed,Fell,0
1285.4,Stayed,Stayed,1
1285.4,Stayed,Stayed,1
1285.4,Stayed,Fell,0
1283.8,Stayed,Rose,0
1285.85,Stayed,Fell,0
1285.3,Stayed,Rose,0
1296.75,Stayed,Fell,0
1292.75,Stayed,Stayed,1
1292.75,Stayed,Stayed,1
1292.75,Stayed,Rose,0
1297.05,Stayed,Rose,0
1306.95,Stayed,Fell,0
1295.55,Stayed,Rose,0
1303.5,Stayed,Rose,0
1305.6,Stayed,Stayed,1
1305.6,Stayed,Stayed,1
1305.6,Stayed,Rose,0
1307.7,Stayed,Fell,0
1303.7,Stayed,Rose,0
1309.6,Stayed,Rose,0
1311.3,Stayed,Rose,0
1319.55,Stayed,Stayed,1
1319.55,Stayed,Stayed,1
1319.55,Stayed,Fell,0
1316.3,Stayed,Fell,0
1309.7,Stayed,Fell,0
1295.15,Stayed,Rose,0
1295.4,Stayed,Fell,0
1293.5,Stayed,Stayed,1
1293.5,Stayed,Stayed,1
1293.5,Stayed,Fell,0
1290.3,Stayed,Rose,0
1290.45,Stayed,Fell,0
1283.15,Stayed,Rose,0
1288.45,Stayed,Rose,0
1300.0,Stayed,Stayed,1
1300.0,Stayed,Stayed,1
1300.0,Stayed,Rose,0
1303.0,Stayed,Rose,0
1305.45,Stayed,Fell,0
1298.8,Stayed,Fell,0
1294.3,Stayed,Fell,0
1285.65,Stayed,Stayed,1
1285.65,Stayed,Stayed,1
1285.65,Stayed,Fell,0
1276.35,Stayed,Fell,0
1275.85,Stayed,Fell,0
1275.7,Stayed,Fell,0
1269.5,Stayed,Stayed,1
1269.5,Stayed,Stayed,1
1269.5,Stayed,Stayed,1
1269.5,Stayed,Stayed,1
1269.5,Stayed,Rose,0
1271.65,Stayed,Rose,0
1280.8,Stayed,Rose,0
1284.2,Stayed,Fell,0
1279.5,Stayed,Stayed,1
1279.5,Stayed,Stayed,1
1279.5,Stayed,Rose,0
1282.3,Stayed,Rose,0
1283.8,Stayed,Fell,0
1270.95,Stayed,Rose,0
1278.55,Stayed,Rose,0
1281.2,Stayed,Stayed,1
1281.2,Stayed,Stayed,1
1281.2,Stayed,Stayed,1
1281.2,Stayed,Rose,0
1285.2,Stayed,Rose,0
1286.1,Stayed,Rose,0
1287.1,Stayed,Rose,0
1295.6,Stayed,Stayed,1
1295.6,Stayed,Stayed,1
1295.6,Stayed,Rose,0
1298.4,Stayed,Rose,0
1299.1,Stayed,Fell,0
1291.7,Stayed,Fell,0
1280.8,Stayed,Fell,0
1276.85,Stayed,Stayed,1
1276.85,Stayed,Stayed,1
1276.85,Stayed,Fell,0
1271.15,Stayed,Rose,0
1273.8,Stayed,Rose,0
1283.65,Stayed,Fell,0
1282.5,Stayed,Fell,0
1278.3,Stayed,Stayed,1
1278.3,Stayed,Stayed,1
1278.3,Stayed,Stayed,1
1278.3,Stayed,Rose,0
1281.65,Stayed,Fell,0
1280.95,Stayed,Rose,0
1295.55,Stayed,Rose,0
1317.1,Stayed,Stayed,1
1317.1,Stayed,Stayed,1
1317.1,Stayed,Rose,0
1324.25,Stayed,Rose,0
1335.05,Stayed,Rose,0
1335.5,Stayed,Rose,0
1340.65,Stayed,Fell,0
1328.6,Stayed,Stayed,1
1328.6,Stayed,Stayed,1
1328.6,Stayed,Fell,0
1324.3,Stayed,Rose,0
1332.35,Stayed,Rose,0
1335.9,Stayed,Rose,0
1351.25,Stayed,Fell,0
1341.3,Stayed,Stayed,1
1341.3,Stayed,Stayed,1
1341.3,Stayed,Rose,0
1341.35,Stayed,Rose,0
1344.05,Stayed,Rose,0
1379.5,Stayed,Rose,0
1397.15,Stayed,Rose,0
1405.7,Stayed,Stayed,1
1405.7,Stayed,Stayed,1
1405.7,Stayed,Rose,0
1431.4,Stayed,Fell,0
1403.95,Stayed,Fell,0
1402.5,Stayed,Rose,0
1409.0,Stayed,Fell,0
1390.1,Stayed,Stayed,1
1390.1,Stayed,Stayed,1
1390.1,Fell,Rose,0
1391.05,Stayed,Rose,0
1413.5,Stayed,Rose,0
1414.9,Stayed,Fell,0
1388.65,Stayed,Rose,0
1400.1,Stayed,Stayed,1
1400.1,Stayed,Stayed,1
1400.1,Stayed,Fell,0
1391.55,Stayed,Rose,0
1408.3,Stayed,Rose,0
1413.75,Stayed,Fell,0
1407.6,Stayed,Rose,0
1412.4,Stayed,Stayed,1
1412.4,Stayed,Stayed,1
1412.4,Rose,Fell,0
1409.85,Stayed,Rose,0
1410.35,Stayed,Rose,0
1417.45,Stayed,Rose,0
1439.7,Stayed,Fell,0
1427.75,Stayed,Stayed,1
1427.75,Stayed,Stayed,1
1427.75,Stayed,Fell,0
1425.55,Stayed,Rose,0
1426.95,Stayed,Fell,0
1416.1,Stayed,Rose,0
1420.4,Stayed,Fell,0
1419.05,Stayed,Stayed,1
1419.05,Stayed,Stayed,1
1419.05,Stayed,Rose,0
1425.9,Stayed,Rose,0
1427.55,Stayed,Fell,0
1406.8,Stayed,Rose,0
1441.75,Stayed,Rose,0
1465.25,Stayed,Stayed,1
1465.25,Stayed,Stayed,1
1465.25,Stayed,Stayed,1
1465.25,Stayed,Rose,0
1506.05,Stayed,Fell,0
1495.75,Stayed,Rose,0
1497.7,Stayed,Rose,0
1504.7,Stayed,Stayed,1
1504.7,Stayed,Stayed,1
1504.7,Stayed,Fell,0
1498.4,Stayed,Rose,0
1513.25,Stayed,Rose,0
1515.65,Stayed,Fell,0
1515.25,Stayed,Fell,0
1496.6,Stayed,Stayed,1
1496.6,Stayed,Stayed,1
1496.6,Stayed,Rose,0
1504.55,Stayed,Fell,0
1503.25,Stayed,Fell,0
1502.05,Stayed,Rose,0
1503.8,Stayed,Rose,0
1532.95,Stayed,Stayed,1
1532.95,Stayed,Stayed,1
1532.95,Stayed,Stayed,1
1532.95,Stayed,Rose,0
1537.15,Stayed,Rose,0
1540.2,Stayed,Fell,0
1528.4,Stayed,Fell,0
1525.95,Stayed,Stayed,1
1525.95,Stayed,Stayed,1
1525.95,Stayed,Rose,0
1537.85,Stayed,Rose,0
1546.1,Stayed,Fell,0
1529.1,Stayed,Fell,0
1523.7,Stayed,Fell,0
1509.2,Stayed,Stayed,1
1509.2,Stayed,Stayed,1
1509.2,Stayed,Fell,0
1498.25,Stayed,Fell,0
1490.65,Stayed,Rose,0
1515.2,Stayed,Fell,0
1503.1,Stayed,Fell,0
1497.2,Stayed,Stayed,1
1497.2,Stayed,Stayed,1
1497.2,Stayed,Rose,0
1502.1,Stayed,Rose,0
1503.5,Stayed,Fell,0
1500.7,Stayed,Rose,0
1501.9,Stayed,Rose,0
1522.1,Stayed,Stayed,1
1522.1,Stayed,Stayed,1
1522.1,Stayed,Fell,0
1520.65,Stayed,Rose,0
1528.75,Stayed,Fell,0
1506.4,Stayed,Fell,0
1489.9,Stayed,Fell,0
1485.3,Stayed,Stayed,1
1485.3,Stayed,Stayed,1
1485.3,Stayed,Fell,0
1473.45,Stayed,Rose,0
1492.6,Stayed,Rose,0
1517.1,Stayed,Fell,0
1499.15,Stayed,Rose,0
1501.25,Stayed,Stayed,1
1501.25,Stayed,Stayed,1
1501.25,Stayed,Rose,0
1505.85,Stayed,Rose,0
1507.25,Stayed,Fell,0
1494.8,Stayed,Fell,0
1479.15,Stayed,Rose,0
1490.6,Stayed,Stayed,1
1490.6,Stayed,Stayed,1
1490.6,Stayed,Fell,0
1487.8,Stayed,Fell,0
1485.1,Stayed,Rose,0
1492.65,Stayed,Fell,0
1490.0,Stayed,Rose,0
1491.65,Stayed,Stayed,1
1491.65,Stayed,Stayed,1
1491.65,Rose,Fell,0
1485.35,Stayed,Rose,0
1494.45,Stayed,Rose,0
1496.55,Stayed,Rose,0
1513.45,Stayed,Fell,0
1492.4,Stayed,Stayed,1
1492.4,Stayed,Stayed,1
1492.4,Rose,Fell,0
1486.75,Stayed,Rose,0
1492.1,Stayed,Rose,0
1510.95,Stayed,Fell,0
1508.8,Stayed,Rose,0
1509.45,Stayed,Stayed,1
1509.45,Stayed,Stayed,1
1509.45,Stayed,Fell,0
1488.95,Stayed,Fell,0
1486.05,Stayed,Fell,0
1484.25,Stayed,Fell,0
1464.15,Stayed,Fell,0
1458.7,Stayed,Stayed,1
1458.7,Stayed,Stayed,1
1458.7,Stayed,Fell,0
1452.05,Stayed,Rose,0
1462.9,Stayed,Rose,0
1466.65,Stayed,Rose,0
1466.9,Stayed,Rose,0
1467.65,Stayed,Stayed,1
1467.65,Stayed,Stayed,1
1467.65,Stayed,Rose,0
1468.45,Stayed,Rose,0
1471.7,Stayed,Fell,0
1467.05,Stayed,Fell,0
1464.45,Stayed,Fell,0
1458.4,Stayed,Stayed,1
1458.4,Stayed,Stayed,1
1458.4,Rose,Fell,0
1454.65,Stayed,Fell,0
1454.35,Stayed,Rose,0
1454.65,Stayed,Rose,0
1460.15,Stayed,Rose,0
1461.15,Stayed,Stayed,1
1461.15,Stayed,Stayed,1
1461.15,Rose,Rose,1
1477.3,Stayed,Fell,0
1475.1,Stayed,Rose,0
1475.95,Stayed,Fell,0
1459.65,Stayed,Rose,0
1461.7,Stayed,Stayed,1
1461.7,Stayed,Stayed,1
1461.7,Stayed,Rose,0
1464.95,Stayed,Rose,0
1466.8,Stayed,Rose,0
1467.8,Stayed,Fell,0
1466.6,Stayed,Rose,0
1477.9,Stayed,Stayed,1
1477.9,Stayed,Stayed,1
1477.9,Rose,Fell,0
1475.8,Stayed,Fell,0
1474.05,Stayed,Rose,0
1476.7,Stayed,Rose,0
1479.0,Stayed,Rose,0
1482.1,Stayed,Stayed,1
1482.1,Stayed,Stayed,1
1482.1,Fell,Stayed,0
1482.1,Stayed,Rose,0
1511.5,Stayed,Stayed,1
1511.5,Stayed,Stayed,1
1511.5,Stayed,Rose,0
1514.75,Stayed,Stayed,1
1514.75,Stayed,Stayed,1
1514.75,Stayed,Stayed,1
1514.75,Stayed,Rose,0
1527.1,Stayed,Stayed,1
1527.1,Stayed,Rose,0
1548.75,Stayed,Rose,0
1573.1,Stayed,Stayed,1
1573.1,Stayed,Stayed,1
1573.1,Fell,Fell,1
1567.85,Stayed,Rose,0
1571.95,Stayed,Fell,0
1550.75,Stayed,Rose,0
1553.6,Stayed,Fell,0
1549.9,Stayed,Stayed,1
1549.9,Stayed,Stayed,1
1549.9,Stayed,Fell,0
1545.1,Stayed,Rose,0
1549.0,Stayed,Rose,0
1554.55,Stayed,Rose,0
1557.6,Stayed,Rose,0
1560.15,Stayed,Stayed,1
1560.15,Stayed,Stayed,1
1560.15,Stayed,Fell,0
1551.3,Stayed,Rose,0
1556.9,Stayed,Rose,0
1562.9,Stayed,Rose,0
1564.3,Stayed,Rose,0
1580.1,Stayed,Stayed,1
1580.1,Stayed,Stayed,1
1580.1,Stayed,Fell,0
1574.0,Stayed,Fell,0
1573.45,Stayed,Rose,0
1578.25,Stayed,Rose,0
1584.2,Stayed,Fell,0
1574.75,Stayed,Stayed,1
1574.75,Stayed,Stayed,1
1574.75,Stayed,Fell,0
1558.35,Stayed,Fell,0
1553.3,Stayed,Rose,0
1563.3,Stayed,Rose,0
1572.65,Stayed,Rose,0
1573.2,Stayed,Stayed,1
1573.2,Stayed,Stayed,1
1573.2,Stayed,Fell,0
1570.5,Stayed,Fell,0
1563.7,Stayed,Rose,0
1575.05,Stayed,Rose,0
1581.4,Stayed,Fell,0
1580.8,Stayed,Stayed,1
1580.8,Stayed,Stayed,1
1580.8,Stayed,Rose,0
1589.85,Stayed,Rose,0
1604.2,Stayed,Rose,0
1619.0,Stayed,Rose,0
1643.3,Stayed,Rose,0
1671.65,Stayed,Stayed,1
1671.65,Stayed,Stayed,1
1671.65,Stayed,Fell,0
1650.3,Stayed,Fell,0
1634.9,Stayed,Rose,0
1652.0,Stayed,Fell,0
1609.85,Stayed,Fell,0
1599.65,Stayed,Stayed,1
1599.65,Stayed,Stayed,1
1599.65,Rose,Rose,1
1615.5,Stayed,Rose,0
1641.85,Stayed,Rose,0
1659.6,Stayed,Rose,0
1683.65,Stayed,Stayed,1
1683.65,Stayed,Stayed,1
1683.65,Rose,Fell,0
1672.5,Stayed,Fell,0
1655.7,Stayed,Fell,0
1653.75,Stayed,Fell,0
1570.7,Stayed,Fell,0
1562.8,Stayed,Stayed,1
1562.8,Stayed,Stayed,1
1562.8,Stayed,Fell,0
1487.7,Stayed,Rose,0
1536.2,Stayed,Fell,0
1498.2,Stayed,Fell,0
1474.25,Stayed,Rose,0
1494.4,Stayed,Stayed,1
1494.4,Stayed,Stayed,1
1494.4,Rose,Rose,1
1525.4,Stayed,Rose,0
1605.75,Stayed,Fell,0
1605.45,Stayed,Rose,0
1634.8,Stayed,Fell,0
1617.3,Stayed,Stayed,1
1617.3,Stayed,Stayed,1
1617.3,Stayed,Rose,0
1618.3,Stayed,Fell,0
1608.95,Stayed,Fell,0
1576.55,Stayed,Rose,0
1616.8,Stayed,Fell,0
1613.1,Stayed,Stayed,1
1613.1,Stayed,Stayed,1
1613.1,Stayed,Rose,0
1648.3,Stayed,Rose,0
1649.25,Stayed,Fell,0
1647.8,Stayed,Rose,0
1680.65,Stayed,Stayed,1
1680.65,Stayed,Stayed,1
1680.65,Stayed,Stayed,1
1680.65,Rose,Stayed,0
1680.65,Stayed,Rose,0
1741.9,Stayed,Fell,0
1718.65,Stayed,Rose,0
1729.5,Stayed,Fell,0
1692.55,Stayed,Stayed,1
1692.55,Stayed,Stayed,1
1692.55,Stayed,Fell,0
1686.2,Stayed,Fell,0
1682.05,Stayed,Rose,0
1710.55,Stayed,Rose,0
1736.25,Stayed,Fell,0
1715.9,Stayed,Stayed,1
1715.9,Stayed,Stayed,1
1715.9,Rose,Fell,0
1714.95,Stayed,Fell,0
1691.55,Stayed,Rose,0
1703.35,Stayed,Fell,0
1702.75,Stayed,Fell,0
1686.25,Stayed,Stayed,1
1686.25,Stayed,Stayed,1
1686.25,Stayed,Rose,0
1709.1,Stayed,Fell,0
1699.55,Stayed,Fell,0
1691.5,Stayed,Rose,0
1704.05,Stayed,Stayed,1
1704.05,Stayed,Stayed,1
1704.05,Stayed,Stayed,1
1704.05,Stayed,Fell,0
1702.75,Stayed,Fell,0
1702.4,Stayed,Rose,0
1708.4,Stayed,Rose,0
1731.6,Stayed,Rose,0
1735.35,Stayed,Stayed,1
1735.35,Stayed,Stayed,1
1735.35,Stayed,Fell,0
1734.7,Stayed,Rose,0
1737.95,Stayed,Rose,0
1748.3,Stayed,Fell,0
1724.9,Stayed,Rose,0
1733.55,Stayed,Stayed,1
1733.55,Stayed,Stayed,1
1733.55,Stayed,Stayed,1
1733.55,Stayed,Fell,0
1720.25,Stayed,Fell,0
1694.6,Stayed,Rose,0
1717.35,Stayed,Rose,0
1728.7,Stayed,Stayed,1
1728.7,Stayed,Stayed,1
1728.7,Stayed,Rose,0
1730.6,Stayed,Rose,0
1742.15,Stayed,Fell,0
1705.35,Stayed,Fell,0
1700.05,Stayed,Fell,0
1683.45,Stayed,Stayed,1
1683.45,Stayed,Stayed,1
1683.45,Stayed,Rose,0
1690.35,Stayed,Rose,0
1713.5,Stayed,Rose,0
1722.05,Stayed,Rose,0
1738.25,Stayed,Fell,0
1733.5,Stayed,Stayed,1
1733.5,Stayed,Stayed,1
1733.5,Stayed,Fell,0
1710.45,Stayed,Rose,0
1719.85,Stayed,Rose,0
1724.35,Stayed,Fell,0
1719.5,Stayed,Rose,0
1734.75,Stayed,Stayed,1
1734.75,Stayed,Stayed,1
1734.75,Stayed,Rose,0
1761.85,Stayed,Rose,0
1768.9,Stayed,Fell,0
1766.05,Stayed,Fell,0
1756.55,Stayed,Fell,0
1747.6,Stayed,Stayed,1
1747.6,Stayed,Stayed,1
1747.6,Stayed,Rose,0
1771.6,Stayed,Fell,0
1768.1,Stayed,Rose,0
1771.05,Stayed,Rose,0
1777.45,Stayed,Fell,0
1772.9,Stayed,Stayed,1
1772.9,Stayed,Stayed,1
1772.9,Rose,Rose,1
1787.9,Stayed,Rose,0
1789.55,Stayed,Rose,0
1811.1,Stayed,Rose,0
1812.1,Stayed,Fell,0
1803.1,Stayed,Stayed,1
1803.1,Stayed,Stayed,1
1803.1,Fell,Rose,0
1807.5,Stayed,Fell,0
1801.9,Stayed,Rose,0
1804.6,Stayed,Rose,0
1807.7,Stayed,Fell,0
1807.35,Stayed,Stayed,1
1807.35,Stayed,Stayed,1
1807.35,Fell,Rose,0
1815.65,Stayed,Rose,0
1842.55,Stayed,Rose,0
1852.4,Stayed,Rose,0
1878.3,Stayed,Rose,0
1902.1,Stayed,Stayed,1
1902.1,Stayed,Stayed,1
1902.1,Fell,Rose,0
1936.65,Stayed,Rose,0
1940.9,Stayed,Rose,0
1950.9,Stayed,Rose,0
1957.65,Stayed,Rose,0
1964.9,Stayed,Stayed,1
1964.9,Stayed,Stayed,1
1964.9,Rose,Fell,0
1958.55,Stayed,Rose,0
1977.9,Stayed,Rose,0
2048.15,Stayed,Rose,0
2067.15,Stayed,Fell,0
2031.15,Stayed,Stayed,1
2031.15,Stayed,Stayed,1
2031.15,Rose,Rose,1
2044.5,Stayed,Fell,0
1939.65,Stayed,Fell,0
1931.9,Stayed,Rose,0
1944.25,Stayed,Rose,0
1944.75,Stayed,Stayed,1
1944.75,Stayed,Stayed,1
1944.75,Stayed,Rose,0
1972.85,Stayed,Rose,0
2008.75,Stayed,Fell,0
1981.0,Stayed,Fell,0
1927.15,Stayed,Fell,0
1924.35,Stayed,Stayed,1
1924.35,Stayed,Stayed,1
1924.35,Stayed,Rose,0
1943.95,Stayed,Fell,0
1911.15,Stayed,Rose,0
1932.95,Stayed,Fell,0
1923.85,Stayed,Rose,0
1957.35,Stayed,Stayed,1
1957.35,Stayed,Stayed,1
1957.35,Stayed,Stayed,1
1957.35,Stayed,Rose,0
1972.35,Stayed,Fell,0
1947.05,Stayed,Fell,0
1940.45,Stayed,Fell,0
1926.3,Stayed,Stayed,1
1926.3,Stayed,Stayed,1
1926.3,Stayed,Rose,0
1928.45,Stayed,Fell,0
1910.95,Stayed,Rose,0
1947.2,Stayed,Rose,0
1966.25,Stayed,Fell,0
1947.4,Stayed,Stayed,1
1947.4,Stayed,Stayed,1
1947.4,Rose,Rose,1
1958.7,Stayed,Fell,0
1949.35,Stayed,Rose,0
1961.8,Stayed,Fell,0
1936.25,Stayed,Rose,0
1950.85,Stayed,Stayed,1
1950.85,Stayed,Stayed,1
1950.85,Stayed,Fell,0
1909.35,Stayed,Fell,0
1906.0,Stayed,Fell,0
1873.4,Stayed,Fell,0
1861.75,Stayed,Fell,0
1859.7,Stayed,Stayed,1
1859.7,Stayed,Stayed,1
1859.7,Stayed,Rose,0
1864.3,Stayed,Rose,0
1883.95,Stayed,Rose,0
1886.9,Stayed,Rose,0
1902.0,Stayed,Rose,0
1903.05,Stayed,Stayed,1
1903.05,Stayed,Stayed,1
1903.05,Stayed,Rose,0
1909.6,Stayed,Rose,0
1913.4,Stayed,Fell,0
1884.5,Stayed,Rose,0
1887.45,Stayed,Rose,0
1923.25,Stayed,Stayed,1
1923.25,Stayed,Stayed,1
1923.25,Stayed,Rose,0
1925.5,Stayed,Fell,0
1891.3,Stayed,Rose,0
1910.05,Stayed,Fell,0
1891.9,Stayed,Rose,0
1905.05,Stayed,Stayed,1
1905.05,Stayed,Stayed,1
1905.05,Stayed,Rose,0
1905.6,Stayed,Fell,0
1898.4,Stayed,Rose,0
1924.15,Stayed,Fell,0
1900.95,Stayed,Rose,0
1903.65,Stayed,Stayed,1
1903.65,Stayed,Stayed,1
1903.65,Rose,Fell,0
1898.45,Stayed,Rose,0
1905.7,Stayed,Fell,0
1869.95,Stayed,Rose,0
1870.3,Stayed,Rose,0
1881.85,Stayed,Stayed,1
1881.85,Stayed,Stayed,1
1881.85,Fell,Rose,0
1889.9,Stayed,Rose,0
1908.3,Stayed,Fell,0
1900.15,Stayed,Rose,0
1938.45,Stayed,Rose,0
1940.8,Stayed,Stayed,1
1940.8,Stayed,Stayed,1
1940.8,Stayed,Fell,0
1867.3,Stayed,Rose,0
1878.7,Stayed,Fell,0
1860.95,Stayed,Rose,0
1874.85,Stayed,Rose,0
1890.9,Stayed,Stayed,1
1890.9,Stayed,Stayed,1
1890.9,Stayed,Fell,0
1885.6,Stayed,Rose,0
1889.05,Stayed,Fell,0
1876.1,Stayed,Fell,0
1857.35,Stayed,Rose,0
1875.7,Stayed,Stayed,1
1875.7,Stayed,Stayed,1
1875.7,Stayed,Fell,0
1840.2,Stayed,Fell,0
1799.6,Stayed,Rose,0
1810.2,Stayed,Fell,0
1807.4,Stayed,Fell,0
1779.3,Stayed,Stayed,1
1779.3,Stayed,Stayed,1
1779.3,Stayed,Fell,0
1762.55,Stayed,Rose,0
1810.75,Stayed,Rose,0
1822.6,Stayed,Rose,0
1832.35,Stayed,Rose,0
1843.0,Stayed,Stayed,1
1843.0,Stayed,Stayed,1
1843.0,Stayed,Rose,0
1859.95,Stayed,Rose,0
1868.15,Stayed,Fell,0
1841.75,Stayed,Rose,0
1844.35,Stayed,Fell,0
1842.0,Stayed,Stayed,1
1842.0,Stayed,Stayed,1
1842.0,Stayed,Fell,0
1831.15,Stayed,Rose,0
1850.65,Stayed,Rose,0
1851.95,Stayed,Rose,0
1890.75,Stayed,Fell,0
1879.75,Stayed,Stayed,1
1879.75,Stayed,Stayed,1
1879.75,Stayed,Rose,0
1880.0,Stayed,Fell,0
1877.1,Stayed,Fell,0
1875.0,Stayed,Stayed,1
1875.0,Stayed,Stayed,1
1875.0,Stayed,Stayed,1
1875.0,Stayed,Stayed,1
1875.0,Stayed,Stayed,1
1875.0,Stayed,Fell,0
1874.3,Stayed,Rose,0
1887.6,Stayed,Stayed,1
1887.6,Stayed,Stayed,1
1887.6,Stayed,Stayed,1
1887.6,Stayed,Stayed,1
1887.6,Fell,Rose,0
1943.2,Stayed,Fell,0
1940.35,Stayed,Fell,0
1931.95,Stayed,Fell,0
1920.1,Stayed,Fell,0
1862.9,Stayed,Stayed,1
1862.9,Stayed,Stayed,1
1862.9,Stayed,Fell,0
1847.25,Stayed,Fell,0
1841.25,Stayed,Rose,0
1858.85,Stayed,Fell,0
1841.75,Stayed,Fell,0
1839.0,Stayed,Stayed,1
1839.0,Stayed,Stayed,1
1839.0,Stayed,Fell,0
1833.05,Stayed,Rose,0
1834.7,Stayed,Rose,0
1856.6,Stayed,Rose,0
1862.1,Stayed,Fell,0
1852.7,Stayed,Stayed,1
1852.7,Stayed,Stayed,1
1852.7,Stayed,Rose,0
1856.85,Stayed,Fell,0
1856.6,Stayed,Fell,0
1843.0,Stayed,Rose,0
1853.7,Stayed,Rose,0
1863.8,Stayed,Stayed,1
1863.8,Stayed,Stayed,1
1863.8,Stayed,Fell,0
1862.95,Stayed,Fell,0
1833.1,Stayed,Rose,0
1835.45,Stayed,Fell,0
1785.9,Stayed,Rose,0
1802.95,Stayed,Stayed,1
1802.95,Stayed,Stayed,1
1802.95,Stayed,Rose,0
1835.25,Stayed,Rose,0
1839.6,Stayed,Rose,0
1842.65,Stayed,Fell,0
1840.1,Stayed,Fell,0
1816.35,Stayed,Stayed,1
1816.35,Stayed,Stayed,1
1816.35,Fell,Rose,0
1817.3,Stayed,Fell,0
1794.25,Stayed,Fell,0
1780.7,Stayed,Fell,0
1773.15,Stayed,Rose,0
1786.2,Stayed,Stayed,1
1786.2,Stayed,Stayed,1
1786.2,Stayed,Rose,0
1807.45,Stayed,Fell,0
1799.65,Stayed,Fell,0
1788.0,Stayed,Fell,0
1779.65,Stayed,Fell,0
1742.85,Stayed,Stayed,1
1742.85,Stayed,Stayed,1
1742.85,Stayed,Fell,0
1734.15,Stayed,Fell,0
1723.85,Stayed,Fell,0
1711.4,Stayed,Rose,0
1712.1,Stayed,Fell,0
1696.25,Stayed,Stayed,1
1696.25,Stayed,Stayed,1
1696.25,Stayed,Fell,0
1687.05,Stayed,Rose,0
1716.9,Stayed,Fell,0
1716.2,Stayed,Rose,0
1724.25,Stayed,Fell,0
1704.8,Stayed,Stayed,1
1704.8,Stayed,Stayed,1
1704.8,Stayed,Rose,0
1723.65,Stayed,Rose,0
1735.0,Stayed,Fell,0
1729.65,Stayed,Fell,0
1725.9,Stayed,Rose,0
1735.2,Stayed,Stayed,1
1735.2,Stayed,Stayed,1
1735.2,Stayed,Rose,0
1736.15,Stayed,Fell,0
1726.2,Stayed,Rose,0
1730.5,Stayed,Rose,0
1737.3,Stayed,Fell,0
1731.8,Stayed,Stayed,1
1731.8,Stayed,Stayed,1
1731.8,Stayed,Fell,0
1705.95,Stayed,Fell,0
1683.95,Stayed,Rose,0
1691.05,Stayed,Rose,0
1726.05,Stayed,Stayed,1
1726.05,Stayed,Stayed,1
1726.05,Stayed,Stayed,1
1726.05,Stayed,Stayed,1
1726.05,Stayed,Rose,0
1744.65,Stayed,Fell,0
1738.05,Stayed,Rose,0
1755.5,Stayed,Fell,0
1741.2,Stayed,Stayed,1
1741.2,Stayed,Stayed,1
1741.2,Stayed,Fell,0
1732.85,Stayed,Rose,0
1747.95,Stayed,Fell,0
1735.55,Stayed,Rose,0
1757.2,Stayed,Rose,0
1774.45,Stayed,Stayed,1
1774.45,Stayed,Stayed,1
1774.45,Stayed,Rose,0
1774.5,Stayed,Rose,0
1777.85,Stayed,Rose,0
1798.2,Stayed,Fell,0
1787.75,Stayed,Fell,0
1781.8,Stayed,Stayed,1
1781.8,Stayed,Stayed,1
1781.8,Stayed,Fell,0
1773.35,Stayed,Rose,0
1784.15,Stayed,Fell,0
1772.2,Stayed,Fell,0
1762.65,Stayed,Rose,0
1767.65,Stayed,Stayed,1
1767.65,Stayed,Stayed,1
1767.65,Rose,Stayed,0
1767.65,Stayed,Rose,0
1797.75,Stayed,Fell,0
1782.25,Stayed,Rose,0
1813.15,Stayed,Rose,0
1836.55,Stayed,Stayed,1
1836.55,Stayed,Stayed,1
1836.55,Stayed,Rose,0
1840.45,Stayed,Fell,0
1829.1,Stayed,Rose,0
1830.7,Stayed,Fell,0
1821.8,Stayed,Rose,0
1838.1,Stayed,Stayed,1
1838.1,Stayed,Stayed,1
1838.1,Fell,Rose,0
1853.7,Stayed,Rose,0
1866.75,Stayed,Rose,0
1888.45,Stayed,Fell,0
1878.3,Stayed,Fell,0
1875.9,Stayed,Stayed,1
1875.9,Stayed,Stayed,1
1875.9,Rose,Rose,1
1880.15,Stayed,Rose,0
1887.0,Stayed,Rose,0
1899.75,Stayed,Fell,0
1891.45,Stayed,Rose,0
1899.95,Stayed,Stayed,1
1899.95,Stayed,Stayed,1
1899.95,Stayed,Stayed,1
1899.95,Stayed,Fell,0
1899.35,Stayed,Rose,0
1902.75,Stayed,Fell,0
1866.55,Stayed,Rose,0
1890.6,Stayed,Stayed,1
1890.6,Stayed,Stayed,1
1890.6,Stayed,Fell,0
1888.4,Stayed,Rose,0
1893.15,Stayed,Rose,0
1894.6,Stayed,Fell,0
1888.65,Stayed,Fell,0
1881.05,Stayed,Stayed,1
1881.05,Stayed,Stayed,1
1881.05,Stayed,Fell,0
1865.6,Stayed,Fell,0
1865.1,Stayed,Fell,0
1860.75,Stayed,Fell,0
1778.7,Stayed,Fell,0
1773.1,Stayed,Stayed,1
1773.1,Stayed,Stayed,1
1773.1,Stayed,Rose,0
1775.05,Stayed,Stayed,1
1775.05,Stayed,Rose,0
1791.6,Stayed,Fell,0
1784.85,Stayed,Rose,0
1786.65,Stayed,Stayed,1
1786.65,Stayed,Stayed,1
1786.65,Rose,Fell,0
1780.3,Stayed,Fell,0
1755.45,Stayed,Rose,0
1763.15,Stayed,Rose,0
1781.5,Stayed,Rose,0
1786.15,Stayed,Stayed,1
1786.15,Stayed,Stayed,1
1786.15,Rose,Rose,1
1791.35,Stayed,Rose,0
1809.85,Stayed,Fell,0
1804.65,Stayed,Rose,0
1807.7,Stayed,Fell,0
1806.0,Stayed,Stayed,1
1806.0,Stayed,Stayed,1
1806.0,Stayed,Fell,0
1792.4,Stayed,Rose,0
1813.85,Stayed,Rose,0
1823.2,Stayed,Rose,0
1823.75,Stayed,Rose,0
1824.3,Stayed,Stayed,1
1824.3,Stayed,Stayed,1
1824.3,Stayed,Fell,0
1814.9,Stayed,Rose,0
1823.05,Stayed,Fell,0
1802.15,Stayed,Fell,0
1799.45,Stayed,Rose,0
1799.6,Stayed,Stayed,1
1799.6,Stayed,Stayed,1
1799.6,Stayed,Rose,0
1800.2,Stayed,Rose,0
1800.35,Stayed,Fell,0
1796.6,Stayed,Rose,0
1829.3,Stayed,Fell,0
1825.75,Stayed,Stayed,1
1825.75,Stayed,Stayed,1
1825.75,Stayed,Fell,0
1811.45,Stayed,Rose,0
1812.65,Stayed,Rose,0
1829.1,Stayed,Fell,0
1800.75,Stayed,Fell,0
1762.9,Stayed,Stayed,1
1762.9,Stayed,Stayed,1
1762.9,Rose,Fell,0
1738.85,Stayed,Fell,0
1723.35,Stayed,Rose,0
1743.6,Stayed,Rose,0
1747.4,Stayed,Rose,0
1773.85,Stayed,Stayed,1
1773.85,Stayed,Stayed,1
1773.85,Fell,Rose,0
1786.35,Stayed,Rose,0
1789.45,Stayed,Fell,0
1783.45,Stayed,Fell,0
1782.05,Stayed,Fell,0
1779.05,Stayed,Stayed,1
1779.05,Stayed,Stayed,1
1779.05,Stayed,Rose,0
1802.0,Stayed,Rose,0
1808.45,Stayed,Fell,0
1788.7,Stayed,Fell,0
1786.6,Stayed,Rose,0
1798.5,Stayed,Stayed,1
1798.5,Stayed,Stayed,1
1798.5,Stayed,Stayed,1
1798.5,Stayed,Rose,0
1814.85,Stayed,Fell,0
1811.8,Stayed,Rose,0
1812.55,Stayed,Rose,0
1823.7,Stayed,Stayed,1
1823.7,Stayed,Stayed,1
1823.7,Stayed,Fell,0
1821.6,Stayed,Fell,0
1802.15,Stayed,Fell,0
1786.0,Stayed,Rose,0
1788.25,Stayed,Rose,0
31.863285556780596