Training Days,Prediction,Actual,Accurate
736.97,Rose,Rose,1
741.63,Fell,Fell,1
737.45,Rose,Fell,0
735.64,Rose,Fell,0
733.67,Rose,Fell,0
727.96,Rose,Fell,0
727.31,Rose,Rose,1
732.71,Fell,Rose,0
742.69,Fell,Fell,1
742.05,Rose,Rose,1
772.43,Fell,Fell,1
764.33,Rose,Fell,0
762.97,Rose,Fell,0
754.63,Rose,Rose,1
756.62,Fell,Rose,0
758.99,Fell,Rose,0
769.72,Fell,Rose,0
770.02,Fell,Fell,1
769.08,Rose,Rose,1
777.0,Fell,Stayed,0
777.0,Stayed,Rose,0
777.99,Fell,Fell,1
774.89,Rose,Rose,1
776.75,Fell,Fell,1
775.88,Rose,Rose,1
788.7,Fell,Fell,1
788.4,Rose,Rose,1
788.67,Fell,Rose,0
793.09,Fell,Rose,0
824.21,Fell,Rose,0
834.97,Fell,Rose,0
901.31,Fell,Fell,1
891.61,Rose,Rose,1
892.6,Fell,Rose,0
897.33,Fell,Rose,0
930.37,Fell,Fell,1
930.34,Rose,Rose,1
963.38,Fell,Fell,1
952.15,Rose,Rose,1
958.12,Fell,Rose,0
997.72,Fell,Rose,0
1015.97,Fell,Fell,1
1013.42,Rose,Rose,1
1126.76,Fell,Fell,1
994.67,Rose,Rose,1
999.65,Fell,Fell,1
896.83,Rose,Rose,1
908.14,Fell,Rose,0
910.49,Fell,Fell,1
906.05,Rose,Fell,0
785.22,Rose,Fell,0
780.92,Rose,Rose,1
826.29,Fell,Fell,1
817.91,Rose,Rose,1
819.55,Fell,Rose,0
830.5,Fell,Rose,0
903.84,Fell,Rose,0
906.6,Fell,Fell,1
895.798875,Rose,Fell,0
893.6210875,Rose,Rose,1
895.64,Fell,Rose,0
918.603625,Fell,Rose,0
922.0736125,Fell,Fell,1
919.97,Rose,Fell,0
893.045625,Rose,Rose,1
915.95625,Fell,Fell,1
915.05,Rose,Rose,1
920.31225,Fell,Fell,1
915.933,Rose,Fell,0
912.19,Rose,Rose,1
964.706075,Fell,Rose,0
979.703875,Fell,Rose,0
983.42,Fell,Rose,0
1013.027,Fell,Rose,0
1030.999413,Fell,Rose,0
1034.07,Fell,Fell,1
1024.01375,Rose,Rose,1
1050.11,Fell,Rose,0
1052.84,Fell,Fell,1
976.103,Rose,Rose,1
999.1035,Fell,Fell,1
997.59,Rose,Rose,1
1000.604625,Fell,Fell,1
999.877375,Rose,Rose,1
1001.2,Fell,Rose,0
1012.325988,Fell,Rose,0
1035.208125,Fell,Fell,1
1035.2,Rose,Rose,1
1056.637138,Fell,Fell,1
1052.779286,Rose,Fell,0
1050.87,Rose,Rose,1
1123.788429,Fell,Fell,1
1123.223188,Rose,Rose,1
1130.01,Fell,Rose,0
1174.86625,Fell,Fell,1
1150.605714,Rose,Fell,0
1150.37,Rose,Rose,1
1190.75195,Fell,Fell,1
1187.565286,Rose,Rose,1
1190.89,Fell,Rose,0
1259.410817,Fell,Rose,0
1285.14,Fell,Rose,0
1287.0,Fell,Fell,1
1270.9333,Rose,Rose,1
1275.197375,Fell,Rose,0
1279.5,Fell,Fell,1
1157.3933,Rose,Rose,1
1192.469143,Fell,Fell,1
1192.09,Rose,Fell,0
1179.159875,Rose,Rose,1
1227.494625,Fell,Rose,0
1227.68,Fell,Rose,0
1245.370786,Fell,Rose,0
1257.399625,Fell,Fell,1
1257.0,Rose,Fell,0
1091.171888,Rose,Fell,0
952.2323625,Rose,Rose,1
967.69,Fell,Rose,0
1049.084488,Fell,Rose,0
1118.630043,Fell,Fell,1
1113.0,Rose,Fell,0
1038.789,Rose,Fell,0
941.9197143,Rose,Fell,0
927.93,Rose,Rose,1
956.7863125,Fell,Rose,0
1037.22925,Fell,Rose,0
1041.04,Fell,Fell,1
1040.5755,Rose,Fell,0
1037.90455,Rose,Fell,0
1034.74,Rose,Rose,1
1086.929571,Fell,Rose,0
1099.169125,Fell,Fell,1
1079.99,Rose,Rose,1
1141.600363,Fell,Fell,1
1133.079314,Rose,Rose,1
1133.53,Fell,Rose,0
1190.45425,Fell,Fell,1
1181.149838,Rose,Rose,1
1184.03,Fell,Rose,0
1207.744875,Fell,Rose,0
1226.617038,Fell,Fell,1
1219.09,Rose,Fell,0
1180.023713,Rose,Rose,1
1185.260057,Fell,Fell,1
1170.36,Rose,Rose,1
1186.927413,Fell,Rose,0
1205.634875,Fell,Fell,1
1176.97,Rose,Rose,1
1217.930088,Fell,Rose,0
1241.686325,Fell,Fell,1
1236.63,Rose,Rose,1
1261.311225,Fell,Fell,1
1257.988113,Rose,Fell,0
1240.84,Rose,Rose,1
1279.414688,Fell,Rose,0
1309.109875,Fell,Fell,1
1288.02,Rose,Rose,1
1331.294429,Fell,Rose,0
1334.979038,Fell,Fell,1
1333.0,Rose,Rose,1
1417.172813,Fell,Rose,0
1452.076288,Fell,Fell,1
1447.55,Rose,Rose,1
1508.292125,Fell,Rose,0
1533.335071,Fell,Fell,1
1518.75,Rose,Rose,1
1535.868429,Fell,Rose,0
1640.619225,Fell,Rose,0
1651.1,Fell,Rose,0
1762.88625,Fell,Rose,0
1820.990563,Fell,Rose,0
1829.0,Fell,Fell,1
1771.920013,Rose,Rose,1
1776.3165,Fell,Rose,0
1780.0,Fell,Fell,1
1739.031975,Rose,Rose,1
1807.485063,Fell,Fell,1
1783.98,Rose,Rose,1
1961.520488,Fell,Rose,0
2052.909788,Fell,Fell,1
2008.84,Rose,Rose,1
2090.662313,Fell,Rose,0
2287.710288,Fell,Fell,1
2256.32,Rose,Rose,1
2387.206286,Fell,Fell,1
2211.976857,Rose,Rose,1
2279.82,Fell,Fell,1
2192.9808,Rose,Rose,1
2275.9307,Fell,Rose,0
2290.02,Fell,Fell,1
2285.933914,Rose,Rose,1
2399.242671,Fell,Rose,0
2409.93,Fell,Rose,0
2525.765158,Fell,Fell,1
2516.173143,Rose,Rose,1
2529.53,Fell,Rose,0
2883.313697,Fell,Fell,1
2664.920863,Rose,Rose,1
2683.03,Fell,Rose,0
2827.4913,Fell,Rose,0
2845.372857,Fell,Rose,0
2898.63,Fell,Fell,1
2657.675063,Rose,Rose,1
2748.185086,Fell,Fell,1
2706.0,Rose,Fell,0
2442.48025,Rose,Rose,1
2464.959814,Fell,Rose,0
2477.94,Fell,Rose,0
2507.389252,Fell,Rose,0
2617.210263,Fell,Fell,1
2600.0,Rose,Rose,1
2671.04325,Fell,Rose,0
2727.288013,Fell,Fell,1
2713.48,Rose,Fell,0
2589.164888,Rose,Fell,0
2512.366286,Rose,Fell,0
2502.03,Rose,Rose,1
2517.903114,Fell,Rose,0
2585.349186,Fell,Fell,1
2558.3,Rose,Fell,0
2477.641375,Rose,Rose,1
2501.191343,Fell,Fell,1
2421.26,Rose,Rose,1
2561.225429,Fell,Rose,0
2599.729838,Fell,Fell,1
2598.89,Rose,Rose,1
2609.96775,Fell,Fell,1
2491.201214,Rose,Rose,1
2502.86,Fell,Rose,0
2536.238938,Fell,Fell,1
2366.170143,Rose,Fell,0
2327.09,Rose,Rose,1
2385.748571,Fell,Fell,1
2354.783417,Rose,Fell,0
2338.49,Rose,Fell,0
2058.9956,Rose,Fell,0
1931.2143,Rose,Fell,0
1910.96,Rose,Rose,1
2320.12225,Fell,Fell,1
2264.7657,Rose,Rose,1
2265.21,Fell,Rose,0
2682.195363,Fell,Rose,0
2807.609857,Fell,Rose,0
2825.51,Fell,Fell,1
2751.821029,Rose,Fell,0
2560.997917,Rose,Rose,1
2564.3,Fell,Rose,0
2647.625,Fell,Rose,0
2781.636583,Fell,Rose,0
2784.8,Fell,Fell,1
2745.955417,Rose,Rose,1
2866.431667,Fell,Fell,1
2862.9,Rose,Fell,0
2693.633983,Rose,Rose,1
2794.117717,Fell,Fell,1
2790.0,Rose,Rose,1
3218.115017,Fell,Rose,0
3252.562533,Fell,Fell,1
3210.2,Rose,Rose,1
3457.374333,Fell,Fell,1
3357.326317,Rose,Fell,0
3340.28,Rose,Rose,1
3632.506667,Fell,Rose,0
3852.802914,Fell,Rose,0
3868.52,Fell,Rose,0
4282.992,Fell,Fell,1
4217.028329,Rose,Fell,0
4179.97,Rose,Rose,1
4328.725717,Fell,Fell,1
4130.440067,Rose,Fell,0
4104.71,Rose,Rose,1
4157.958033,Fell,Fell,1
4043.722,Rose,Fell,0
3986.28,Rose,Rose,1
4174.95,Fell,Rose,0
4340.316717,Fell,Fell,1
4331.77,Rose,Rose,1
4360.513317,Fell,Fell,1
4354.308333,Rose,Fell,0
4339.05,Rose,Rose,1
4607.98545,Fell,Fell,1
4594.98785,Rose,Fell,0
4582.52,Rose,Rose,1
4911.740017,Fell,Fell,1
4580.38748,Rose,Rose,1
4585.57,Fell,Fell,1
4344.098317,Rose,Rose,1
4488.72014,Fell,Fell,1
4385.02,Rose,Rose,1
4654.6585,Fell,Fell,1
4310.750183,Rose,Rose,1
4312.26,Fell,Rose,0
4329.955,Fell,Fell,1
4248.090017,Rose,Fell,0
4198.59,Rose,Fell,0
3961.271267,Rose,Fell,0
3319.63,Rose,Fell,0
3216.43,Rose,Rose,1
3763.62604,Fell,Fell,1
3746.060783,Rose,Fell,0
3678.53,Rose,Rose,1
3943.413333,Fell,Rose,0
3977.561667,Fell,Fell,1
3894.48,Rose,Fell,0
3637.50255,Rose,Rose,1
3776.3869,Fell,Rose,0
3777.62,Fell,Rose,0
3942.555,Fell,Fell,1
3910.307383,Rose,Fell,0
3881.0,Rose,Rose,1
4201.98905,Fell,Fell,1
4193.574667,Rose,Fell,0
4164.27,Rose,Rose,1
4360.722967,Fell,Rose,0
4386.88375,Fell,Rose,0
4394.07,Fell,Fell,1
4225.175,Rose,Rose,1
4338.852,Fell,Fell,1
4318.58,Rose,Rose,1
4376.191667,Fell,Rose,0
4602.280883,Fell,Rose,0
4605.66,Fell,Rose,0
4782.28,Fell,Rose,0
4819.485767,Fell,Rose,0
4822.17,Fell,Rose,0
5563.806567,Fell,Rose,0
5739.438733,Fell,Rose,0
5825.99,Fell,Fell,1
5711.205867,Rose,Fell,0
5603.71294,Rose,Fell,0
5594.66,Rose,Rose,1
5727.6335,Fell,Rose,0
5979.45984,Fell,Rose,0
5986.44,Fell,Fell,1
5983.18455,Rose,Fell,0
5876.079867,Rose,Rose,1
5900.59,Fell,Fell,1
5669.622533,Rose,Rose,1
5893.138417,Fell,Fell,1
5889.82,Rose,Fell,0
5776.69695,Rose,Rose,1
6155.43402,Fell,Fell,1
6136.49,Rose,Rose,1
6388.645167,Fell,Rose,0
6665.306683,Fell,Rose,0
6751.98,Fell,Rose,0
7197.72006,Fell,Rose,0
7437.543317,Fell,Fell,1
7365.99,Rose,Fell,0
6989.071667,Rose,Rose,1
7092.127233,Fell,Rose,0
7128.64,Fell,Rose,0
7158.03706,Fell,Fell,1
6719.39785,Rose,Fell,0
6569.22,Rose,Fell,0
5716.301583,Rose,Rose,1
6550.227533,Fell,Fell,1
6493.63,Rose,Rose,1
7301.42992,Fell,Rose,0
7815.0307,Fell,Rose,0
7868.77,Fell,Fell,1
7817.140383,Rose,Rose,1
8007.654067,Fell,Rose,0
8049.72,Fell,Rose,0
8059.8,Fell,Rose,0
8268.035,Fell,Fell,1
8236.72,Rose,Rose,1
8250.978333,Fell,Rose,0
8707.407267,Fell,Rose,0
8768.8,Fell,Rose,0
9718.29505,Fell,Rose,0
9952.50882,Fell,Fell,1
9919.0,Rose,Rose,1
10147.372,Fell,Rose,0
10883.912,Fell,Fell,1
10879.88,Rose,Rose,1
11332.622,Fell,Rose,0
11584.83,Fell,Rose,0
11591.22,Fell,Rose,0
13540.98,Fell,Rose,0
16501.97167,Fell,Rose,0
16860.88,Fell,Fell,1
15142.83415,Rose,Fell,0
14869.805,Rose,Rose,1
15068.95,Fell,Rose,0
17276.39333,Fell,Fell,1
16808.36667,Rose,Fell,0
16252.31,Rose,Rose,1
17771.9,Fell,Rose,0
19498.68333,Fell,Fell,1
19279.9,Rose,Fell,0
18961.85667,Rose,Fell,0
17737.11167,Rose,Fell,0
17382.94,Rose,Fell,0
16047.51,Rose,Fell,0
15190.945,Rose,Fell,0
13776.61,Rose,Rose,1
13949.175,Fell,Rose,0
14119.02833,Fell,Fell,1
13740.94,Rose,Rose,1
15589.32167,Fell,Fell,1
14380.58167,Rose,Fell,0
14214.01,Rose,Fell,0
13215.574,Rose,Rose,1
14165.575,Fell,Fell,1
13796.0,Rose,Rose,1
15005.85667,Fell,Rose,0
15053.26167,Fell,Fell,1
15039.24,Rose,Rose,1
17174.12,Fell,Rose,0
17319.198,Fell,Fell,1
17155.95,Rose,Fell,0
15265.90667,Rose,Fell,0
14714.25333,Rose,Fell,0
14437.42,Rose,Fell,0
13296.794,Rose,Rose,1
13912.882,Fell,Fell,1
13791.19,Rose,Rose,1
13852.92,Fell,Rose,0
14012.196,Fell,Fell,1
13554.14,Rose,Fell,0
11116.94667,Rose,Rose,1
11345.42333,Fell,Fell,1
11174.82,Rose,Rose,1
12950.79333,Fell,Fell,1
11505.228,Rose,Rose,1
11513.42,Fell,Fell,1
11223.064,Rose,Rose,1
11282.25833,Fell,Rose,0
11392.03,Fell,Fell,1
10969.815,Rose,Rose,1
11524.77667,Fell,Fell,1
11431.37,Rose,Fell,0
11212.655,Rose,Fell,0
10184.06167,Rose,Fell,0
10082.52,Rose,Fell,0
9083.258333,Rose,Fell,0
8901.901667,Rose,Fell,0
8852.73,Rose,Fell,0
8400.648333,Rose,Fell,0
6838.816667,Rose,Rose,1
6925.46,Fell,Rose,0
8099.958333,Fell,Rose,0
8240.536667,Fell,Rose,0
8245.08,Fell,Rose,0
8319.876566,Fell,Rose,0
8343.455,Fell,Fell,1
8068.02,Rose,Rose,1
8597.7675,Fell,Rose,0
9334.633333,Fell,Rose,0
9471.64,Fell,Rose,0
10127.16167,Fell,Rose,0
10841.99167,Fell,Rose,0
11085.83,Fell,Rose,0
11110.965,Fell,Rose,0
11390.39167,Fell,Fell,1
11245.98,Rose,Fell,0
9931.071667,Rose,Rose,1
10162.11667,Fell,Rose,0
10171.3,Fell,Fell,1
9696.593333,Rose,Rose,1
10348.60333,Fell,Fell,1
10319.46,Rose,Rose,1
10370.165,Fell,Rose,0
11009.38167,Fell,Fell,1
10931.12,Rose,Rose,1
11326.94833,Fell,Rose,0
11430.18167,Fell,Rose,0
11516.83,Fell,Fell,1
10763.19833,Rose,Fell,0
10118.058,Rose,Fell,0
9920.46,Rose,Fell,0
9089.278333,Rose,Fell,0
8746.002,Rose,Rose,1
8777.37,Fell,Rose,0
9182.843333,Fell,Fell,1
9154.7,Rose,Fell,0
9153.54,Rose,Fell,0
8358.121667,Rose,Rose,1
8530.402,Fell,Fell,1
8297.89,Rose,Fell,0
8171.415,Rose,Rose,1
8412.033333,Fell,Rose,0
8605.64,Fell,Rose,0
8947.753333,Fell,Fell,1
8690.408333,Rose,Rose,1
8725.37,Fell,Fell,1
8662.378333,Rose,Fell,0
8617.296667,Rose,Fell,0
8457.96,Rose,Fell,0
7876.195,Rose,Rose,1
7960.38,Fell,Fell,1
7950.61,Rose,Fell,0
6882.531667,Rose,Rose,1
6935.48,Fell,Rose,0
6937.56,Fell,Rose,0
7035.848333,Fell,Rose,0
7410.435,Fell,Rose,0
7426.48,Fell,Fell,1
6826.51,Rose,Fell,0
6603.876667,Rose,Rose,1
6634.68,Fell,Rose,0
7017.656667,Fell,Fell,1
6699.273333,Rose,Rose,1
6784.41,Fell,Rose,0
6926.266667,Fell,Rose,0
7847.845,Fell,Rose,0
7941.46,Fell,Rose,0
8036.511051,Fell,Rose,0
8340.748333,Fell,Rose,0
8368.1,Fell,Fell,1
7895.416926,Rose,Rose,1
8164.937426,Fell,Rose,0
8175.96,Fell,Rose,0
8852.718333,Fell,Fell,1
8807.205,Rose,Rose,1
8930.6,Fell,Rose,0
8933.861667,Fell,Rose,0
9555.542,Fell,Rose,0
9658.11,Fell,Fell,1
9258.398333,Rose,Fell,0
9010.32,Rose,Fell,0
8928.55,Rose,Rose,1
9334.281667,Fell,Fell,1
9259.57,Rose,Fell,0
9239.55,Rose,Fell,0
9221.426,Rose,Rose,1
9639.268333,Fell,Rose,0
9753.35,Fell,Rose,0
9803.306667,Fell,Fell,1
9630.136277,Rose,Rose,1
9631.44,Fell,Fell,1
9228.608333,Rose,Rose,1
9322.041667,Fell,Fell,1
9310.37,Rose,Fell,0
8468.788,Rose,Rose,1
8484.346667,Fell,Fell,1
8463.52,Rose,Rose,1
8652.038333,Fell,Fell,1
8511.458,Rose,Fell,0
8471.06,Rose,Fell,0
8106.118333,Rose,Rose,1
8240.055,Fell,Fell,1
8239.08,Rose,Rose,1
8507.406667,Fell,Fell,1
8385.556187,Rose,Rose,1
8396.63,Fell,Fell,1
7555.74,Rose,Rose,1
7566.193333,Fell,Rose,0
7576.78,Fell,Fell,1
7342.908333,Rose,Rose,1
7361.831667,Fell,Fell,1
7344.56,Rose,Rose,1
7459.876667,Fell,Fell,1
7385.395,Rose,Rose,1
7386.72,Fell,Rose,0
7535.146667,Fell,Rose,0
7645.146667,Fell,Fell,1
7637.14,Rose,Fell,0
7500.273333,Rose,Rose,1
7615.722142,Fell,Rose,0
7619.43,Fell,Rose,0
7676.271667,Fell,Fell,1
7620.153333,Rose,Fell,0
7615.54,Rose,Fell,0
6776.888333,Rose,Rose,1
6875.678333,Fell,Rose,0
6879.31,Fell,Fell,1
6315.7,Rose,Rose,1
6647.013333,Fell,Fell,1
6637.41,Rose,Fell,0
6509.426667,Rose,Fell,0
6464.411667,Rose,Fell,0
6445.79,Rose,Rose,1
6737.0,Fell,Fell,1
6714.718333,Rose,Rose,1
6760.83,Fell,Fell,1
6332.573333,Rose,Fell,0
6141.605833,Rose,Rose,1
6170.46,Fell,Rose,0
6211.4475,Fell,Rose,0
6218.595,Fell,Fell,1
6097.46,Rose,Rose,1
6107.896154,Fell,Fell,1
5908.7025,Rose,Rose,1
6223.28,Fell,Rose,0
6374.754167,Fell,Rose,0
6466.069167,Fell,Rose,0
6626.44,Fell,Fell,1
6593.289167,Rose,Rose,1
6603.376667,Fell,Fell,1
6555.51,Rose,Rose,1
6594.281667,Fell,Rose,0
6753.559167,Fell,Fell,1
6724.04,Rose,Fell,0
6510.791667,Rose,Fell,0
6377.363333,Rose,Rose,1
6403.18,Fell,Fell,1
6244.3575,Rose,Fell,0
6241.0,Rose,Rose,1
6248.84,Fell,Rose,0
6514.390833,Fell,Rose,0
6869.910833,Fell,Rose,0
7321.62,Fell,Rose,0
7396.401667,Fell,Rose,0
7428.045,Fell,Fell,1
7334.99,Rose,Rose,1
7451.289167,Fell,Rose,0
7689.884167,Fell,Rose,0
7715.1,Fell,Rose,0
8251.165,Fell,Fell,1
8187.324167,Rose,Fell,0
7939.81,Rose,Rose,1
8182.251667,Fell,Rose,0
8206.341667,Fell,Rose,0
8220.91,Fell,Fell,1
7916.800833,Rose,Fell,0
7570.869167,Rose,Rose,1
7607.7,Fell,Fell,1
7394.499167,Rose,Fell,0
7247.769167,Rose,Fell,0
7011.28,Rose,Fell,0
6988.079167,Rose,Rose,1
6993.513333,Fell,Fell,1
6718.23,Rose,Fell,0
6396.7725,Rose,Fell,0
6396.494667,Rose,Fell,0
6138.96,Rose,Rose,1
6311.131667,Fell,Rose,0
6347.07,Fell,Fell,1
6252.13,Rose,Rose,1
6362.676923,Fell,Fell,1
6342.629231,Rose,Fell,0
6312.75,Rose,Rose,1
6436.720833,Fell,Fell,1
6404.063333,Rose,Rose,1
6486.58,Fell,Fell,1
6401.246154,Rose,Rose,1
6575.229167,Fell,Fell,1
6354.57,Rose,Rose,1
6543.645714,Fell,Rose,0
6719.429231,Fell,Rose,0
6738.27,Fell,Fell,1
6719.266154,Rose,Rose,1
7000.04,Fell,Rose,0
7078.19,Fell,Fell,1
6932.6625,Rose,Rose,1
6981.946154,Fell,Rose,0
7018.78,Fell,Rose,0
7247.935385,Fell,Rose,0
7260.949231,Fell,Rose,0
7265.08,Fell,Fell,1
7113.069231,Rose,Fell,0
6433.271667,Rose,Rose,1
6501.19,Fell,Fell,1
6366.1075,Rose,Fell,0
6286.425833,Rose,Fell,0
6240.98,Rose,Rose,1
6296.320833,Fell,Fell,1
6273.1375,Rose,Rose,1
6326.04,Fell,Rose,0
6499.0625,Fell,Rose,0
6518.655,Fell,Rose,0
6522.39,Fell,Fell,1
6400.600833,Rose,Fell,0
6296.631667,Rose,Rose,1
6342.39,Fell,Rose,0
6418.562667,Fell,Rose,0
6669.990833,Fell,Rose,0
6756.12,Fell,Fell,1
6710.445,Rose,Fell,0
6639.304167,Rose,Fell,0
6583.45,Rose,Fell,0
6468.631667,Rose,Rose,1
6535.476667,Fell,Rose,0
6686.08,Fell,Fell,1
6550.474167,Rose,Rose,1
6593.135,Fell,Rose,0
6611.02,Fell,Fell,1
6562.641667,Rose,Fell,0
6470.4025,Rose,Rose,1
6483.73,Fell,Rose,0
6568.549167,Fell,Rose,0
6581.486667,Fell,Fell,1
6573.62,Rose,Rose,1
6618.567692,Fell,Rose,0
6621.711667,Fell,Rose,0
6626.85,Fell,Fell,1
6248.635833,Rose,Rose,1
6260.530833,Fell,Fell,1
6247.0,Rose,Rose,1
6299.399167,Fell,Rose,0
6452.571667,Fell,Rose,0
6599.17,Fell,Fell,1
6596.276154,Rose,Fell,0
6568.040769,Rose,Fell,0
6509.61,Rose,Fell,0
6488.825833,Rose,Rose,1
6531.601667,Fell,Fell,1
6504.78,Rose,Fell,0
6481.426,Rose,Rose,1
6508.31,Fell,Fell,1
6489.77,Rose,Fell,0
6473.753333,Rose,Fell,0
6465.9175,Rose,Fell,0
6457.21,Rose,Fell,0
6382.668333,Rose,Fell,0
6309.452857,Rose,Fell,0
6301.61,Rose,Rose,1
6342.280833,Fell,Rose,0
6387.674167,Fell,Rose,0
6390.42,Fell,Rose,0
6391.873333,Fell,Rose,0
6436.965,Fell,Rose,0
6437.76,Fell,Rose,0
6538.79,Fell,Fell,1
6486.251667,Rose,Fell,0
6444.97,Rose,Fell,0
6399.033333,Rose,Fell,0
6378.268333,Rose,Rose,1
6408.53,Fell,Fell,1
6372.063333,Rose,Fell,0
6176.155,Rose,Fell,0
5756.77,Rose,Fell,0
5596.1925,Rose,Fell,0
5558.243333,Rose,Rose,1
5572.44,Fell,Fell,1
5303.9425,Rose,Fell,0
4671.97,Rose,Fell,0
4491.98,Rose,Rose,1
4548.7975,Fell,Fell,1
4309.3375,Rose,Rose,1
4352.98,Fell,Fell,1
3823.511667,Rose,Rose,1
3920.536667,Fell,Fell,1
3793.35,Rose,Rose,1
4103.453846,Fell,Rose,0
4263.783333,Fell,Rose,0
4278.77,Fell,Fell,1
4116.7775,Rose,Rose,1
4167.546667,Fell,Fell,1
4140.6,Rose,Fell,0
3961.493333,Rose,Fell,0
3858.349167,Rose,Fell,0
3744.98,Rose,Fell,0
3405.643333,Rose,Rose,1
3435.34,Fell,Rose,0
3453.66,Fell,Rose,0
3523.96,Fell,Fell,1
3426.19,Rose,Fell,0
3407.28,Rose,Fell,0
3406.7625,Rose,Fell,0
3278.374167,Rose,Fell,0
3242.42,Rose,Rose,1
3271.238333,Fell,Rose,0
3392.405,Fell,Rose,0
3556.54,Fell,Rose,0
3808.0425,Fell,Rose,0
3982.850833,Fell,Rose,0
4135.19,Fell,Fell,1
3910.973333,Rose,Rose,1
4027.478333,Fell,Fell,1
3995.17,Rose,Fell,0
3813.88,Rose,Rose,1
3825.379167,Fell,Rose,0
3848.21,Fell,Fell,1
3743.905,Rose,Rose,1
3912.285833,Fell,Fell,1
3770.36,Rose,Rose,1
3791.545833,Fell,Fell,1
3752.271667,Rose,Rose,1
3855.88,Fell,Rose,0
3865.7975,Fell,Fell,1
3822.626667,Rose,Rose,1
3856.62,Fell,Rose,0
3920.456667,Fell,Rose,0
4036.093333,Fell,Fell,1
4032.25,Rose,Rose,1
4034.138333,Fell,Fell,1
3812.585833,Rose,Fell,0
3646.25,Rose,Rose,1
3646.345833,Fell,Fell,1
3599.841667,Rose,Fell,0
3531.96,Rose,Rose,1
3656.785,Fell,Fell,1
3621.270833,Rose,Rose,1
3621.43,Fell,Rose,0
3632.395,Fell,Rose,0
3690.523333,Fell,Rose,0
3703.98,Fell,Fell,1
3548.4275,Rose,Fell,0
3540.02,Rose,Rose,1
3587.35,Fell,Fell,1
3566.4,Rose,Rose,1
3586.25,Fell,Fell,1
3577.79,Rose,Fell,0
3576.3,Rose,Fell,0
3554.5,Rose,Fell,0
3448.58,Rose,Fell,0
3421.6,Rose,Rose,1
3470.0,Fell,Fell,1
3444.81,Rose,Rose,1
3475.33,Fell,Rose,0
3506.22,Fell,Fell,1
3456.02,Rose,Fell,0
3452.35,Rose,Rose,1
3467.34,Fell,Fell,1
3405.7,Rose,Fell,0
3394.76,Rose,Rose,1
3661.08,Fell,Rose,0
3664.38,Fell,Rose,0
3686.29,Fell,Fell,1
3629.47,Rose,Rose,1
3632.42,Fell,Fell,1
3614.5,Rose,Fell,0
3600.31,Rose,Rose,1
3608.2,Fell,Rose,0
3619.55,Fell,Rose,0
3670.74,Fell,Rose,0
3910.8,Fell,Rose,0
3926.53,Fell,Rose,0
3987.18,Fell,Fell,1
3944.88,Rose,Rose,1
3983.48,Fell,Rose,0
4139.6,Fell,Fell,1
3766.89,Rose,Rose,1
3848.33,Fell,Fell,1
3831.45,Rose,Rose,1
3833.23,Fell,Rose,0
3850.08,Fell,Fell,1
3834.62,Rose,Fell,0
3831.44,Rose,Fell,0
3814.58,Rose,Fell,0
3730.98,Rose,Rose,1
3872.25,Fell,Rose,0
3876.85,Fell,Rose,0
3886.82,Fell,Fell,1
3875.96,Rose,Rose,1
3950.56,Fell,Fell,1
3928.17,Rose,Fell,0
3881.09,Rose,Rose,1
3892.51,Fell,Fell,1
3877.77,Rose,Rose,1
3885.21,Fell,Rose,0
3936.5,Fell,Rose,0
4015.95,Fell,Fell,1
3994.92,Rose,Rose,1
3998.77,Fell,Rose,0
4029.11,Fell,Rose,0
4056.4,Fell,Fell,1
3992.34,Rose,Rose,1
3999.06,Fell,Rose,0
4011.92,Fell,Fell,1
3994.11,Rose,Fell,0
3935.89,Rose,Rose,1
3947.74,Fell,Rose,0
4048.51,Fell,Fell,1
4037.37,Rose,Rose,1
4115.55,Fell,Fell,1
4114.44,Rose,Fell,0
4114.16,Rose,Rose,1
4152.53,Fell,Rose,0
4882.88,Fell,Rose,0
4959.81,Fell,Fell,1
4911.24,Rose,Rose,1
5028.77,Fell,Rose,0
5053.52,Fell,Rose,0
5189.39,Fell,Rose,0
5268.71,Fell,Fell,1
5175.81,Rose,Rose,1
5310.18,Fell,Fell,1
5035.02,Rose,Rose,1
5072.85,Fell,Fell,1
5064.62,Rose,Rose,1
5152.51,Fell,Fell,1
5036.18,Rose,Rose,1
5196.65,Fell,Rose,0
5220.37,Fell,Rose,0
5276.31,Fell,Rose,0
5277.04,Fell,Rose,0
5309.28,Fell,Fell,1
5281.83,Rose,Rose,1
5377.19,Fell,Rose,0
5518.16,Fell,Fell,1
5434.19,Rose,Fell,0
5195.61,Rose,Rose,1
5292.83,Fell,Fell,1
5280.19,Rose,Rose,1
5301.29,Fell,Fell,1
5260.65,Rose,Rose,1
5269.79,Fell,Rose,0
5326.67,Fell,Rose,0
5390.16,Fell,Rose,0
5657.14,Fell,Rose,0
5771.08,Fell,Fell,1
5717.66,Rose,Fell,0
5684.47,Rose,Rose,1
5755.72,Fell,Rose,0
5936.72,Fell,Rose,0
6146.91,Fell,Rose,0
6348.02,Fell,Rose,0
7248.31,Fell,Fell,1
6978.63,Rose,Rose,1
7823.11,Fell,Rose,0
7992.69,Fell,Rose,0
8206.9,Fell,Fell,1
7885.96,Rose,Fell,0
7362.22,Rose,Fell,0
7265.05,Rose,Rose,1
8193.7,Fell,Fell,1
8007.03,Rose,Fell,0
7952.5,Rose,Fell,0
7625.93,Rose,Rose,1
7880.29,Fell,Rose,0
8003.26,Fell,Rose,0
8071.45,Fell,Rose,0
8744.42,Fell,Rose,0
8770.06,Fell,Fell,1
8719.88,Rose,Fell,0
8662.98,Rose,Fell,0
8272.46,Rose,Rose,1
8553.81,Fell,Rose,0
8554.8,Fell,Rose,0
8739.03,Fell,Fell,1
8134.92,Rose,Fell,0
7675.8,Rose,Rose,1
7786.04,Fell,Rose,0
7803.23,Fell,Rose,0
7998.29,Fell,Fell,1
7931.34,Rose,Fell,0
7640.61,Rose,Rose,1
8020.38,Fell,Fell,1
7917.58,Rose,Rose,1
8173.06,Fell,Rose,0
8237.88,Fell,Rose,0
8693.6,Fell,Rose,0
8859.47,Fell,Rose,0
8978.99,Fell,Rose,0
9327.48,Fell,Fell,1
9076.18,Rose,Rose,1
9281.7,Fell,Rose,0
9531.35,Fell,Rose,0
10209.38,Fell,Rose,0
10668.63,Fell,Rose,0
10814.48,Fell,Rose,0
11017.5,Fell,Rose,0
11766.4,Fell,Rose,0
12932.55,Fell,Fell,1
11132.85,Rose,Rose,1
12374.35,Fell,Fell,1
11890.38,Rose,Fell,0
10737.73,Rose,Fell,0
10578.72,Rose,Rose,1
10805.4,Fell,Rose,0
11984.76,Fell,Fell,1
11160.49,Rose,Fell,0
10955.16,Rose,Rose,1
11232.04,Fell,Rose,0
11477.01,Fell,Rose,0
12313.08,Fell,Rose,0
12586.78,Fell,Fell,1
12099.9,Rose,Fell,0
11352.87,Rose,Rose,1
11803.97,Fell,Fell,1
11389.1,Rose,Fell,0
10186.96,Rose,Rose,1
10873.5,Fell,Fell,1
9397.72,Rose,Rose,1
9674.28,Fell,Rose,0
10638.56,Fell,Fell,1
10535.75,Rose,Rose,1
10764.9,Fell,Fell,1
10587.41,Rose,Fell,0
10323.62,Rose,Fell,0
9844.3,Rose,Fell,0
9772.17,Rose,Rose,1
9875.17,Fell,Fell,1
9848.65,Rose,Fell,0
9473.99,Rose,Rose,1
9530.0,Fell,Fell,1
9501.33,Rose,Rose,1
9589.13,Fell,Rose,0
10084.7,Fell,Rose,0
10407.17,Fell,Rose,0
10529.55,Fell,Rose,0
10814.57,Fell,Rose,0
10980.23,Fell,Rose,0
11787.99,Fell,Fell,1
11465.67,Rose,Rose,1
11960.82,Fell,Rose,0
11996.41,Fell,Fell,1
11856.64,Rose,Fell,0
11282.22,Rose,Rose,1
11566.84,Fell,Fell,1
11386.26,Rose,Fell,0
10858.12,Rose,Fell,0
10016.96,Rose,Rose,1
10302.17,Fell,Rose,0
10359.44,Fell,Fell,1
10214.52,Rose,Rose,1
10317.6,Fell,Rose,0
10917.26,Fell,Fell,1
10760.56,Rose,Fell,0
10129.4,Rose,Fell,0
10111.98,Rose,Rose,1
10405.81,Fell,Fell,1
10143.8,Rose,Fell,0
10135.06,Rose,Rose,1
10360.28,Fell,Fell,1
10171.95,Rose,Fell,0
9717.82,Rose,Fell,0
9484.55,Rose,Rose,1
9577.99,Fell,Rose,0
9600.9,Fell,Rose,0
9769.79,Fell,Rose,0
10386.64,Fell,Rose,0
10621.29,Fell,Fell,1
10584.16,Rose,Fell,0
10577.8,Rose,Fell,0
10317.47,Rose,Rose,1
10487.21,Fell,Fell,1
10406.31,Rose,Fell,0
10313.66,Rose,Fell,0
10101.03,Rose,Rose,1
10159.32,Fell,Rose,0
10420.16,Fell,Fell,1
10363.9,Rose,Fell,0
10361.33,Rose,Fell,0
10310.43,Rose,Fell,0
10265.63,Rose,Fell,0
10190.36,Rose,Fell,0
10157.59,Rose,Rose,1
10275.88,Fell,Fell,1
10173.11,Rose,Fell,0
9979.49,Rose,Rose,1
10033.05,Fell,Fell,1
9683.38,Rose,Fell,0
8553.61,Rose,Fell,0
8432.23,Rose,Fell,0
8055.64,Rose,Rose,1
8193.9,Fell,Rose,0
8225.0,Fell,Fell,1
8056.74,Rose,Rose,1
8307.74,Fell,Rose,0
8322.92,Fell,Rose,0
8382.03,Fell,Fell,1
8236.17,Rose,Fell,0
8155.48,Rose,Fell,0
8147.69,Rose,Fell,0
7869.74,Rose,Rose,1
8212.02,Fell,Fell,1
8190.0,Rose,Rose,1
8587.92,Fell,Fell,1
8586.9,Rose,Fell,0
8269.73,Rose,Rose,1
8308.01,Fell,Fell,1
8283.76,Rose,Rose,1
8353.54,Fell,Fell,1
8162.16,Rose,Fell,0
8002.51,Rose,Rose,1
8076.78,Fell,Fell,1
7954.15,Rose,Rose,1
7960.04,Fell,Rose,0
8231.06,Fell,Fell,1
8222.52,Rose,Fell,0
8026.76,Rose,Fell,0
7469.56,Rose,Fell,0
7431.88,Rose,Rose,1
8666.79,Fell,Rose,0
9259.8,Fell,Rose,0
9551.54,Fell,Fell,1
9218.76,Rose,Rose,1
9433.35,Fell,Fell,1
9164.62,Rose,Fell,0
9147.98,Rose,Rose,1
9252.99,Fell,Rose,0
9301.18,Fell,Fell,1
9206.16,Rose,Rose,1
9418.05,Fell,Fell,1
9310.19,Rose,Rose,1
9343.34,Fell,Fell,1
9204.24,Rose,Fell,0
8766.04,Rose,Rose,1
8809.41,Fell,Rose,0
9037.12,Fell,Fell,1
8717.81,Rose,Rose,1
8801.52,Fell,Fell,1
8762.42,Rose,Fell,0
8632.32,Rose,Fell,0
8457.69,Rose,Rose,1
8482.7,Fell,Rose,0
8503.93,Fell,Fell,1
8175.99,Rose,Fell,0
8120.8,Rose,Fell,0
8081.81,Rose,Fell,0
7617.07,Rose,Fell,0
7286.35,Rose,Rose,1
7324.03,Fell,Fell,1
6907.4,Rose,Rose,1
7130.25,Fell,Rose,0
7163.63,Fell,Rose,0
7523.83,Fell,Fell,1
7431.0,Rose,Rose,1
7757.47,Fell,Fell,1
7557.72,Rose,Fell,0
7402.69,Rose,Fell,0
7309.59,Rose,Fell,0
7296.77,Rose,Fell,0
7192.85,Rose,Rose,1
7395.97,Fell,Rose,0
7547.19,Fell,Fell,1
7504.83,Rose,Rose,1
7522.39,Fell,Fell,1
7337.42,Rose,Fell,0
7220.76,Rose,Fell,0
7202.31,Rose,Fell,0
7189.16,Rose,Rose,1
7251.87,Fell,Fell,1
7067.74,Rose,Rose,1
7111.14,Fell,Fell,1
6879.54,Rose,Fell,0
6612.12,Rose,Rose,1
7284.29,Fell,Fell,1
7150.86,Rose,Rose,1
7190.17,Fell,Fell,1
7143.2,Rose,Rose,1
7514.41,Fell,Fell,1
7322.08,Rose,Fell,0
7250.69,Rose,Fell,0
7192.72,Rose,Rose,1
7194.4,Fell,Rose,0
7243.93,Fell,Rose,0
7301.07,Fell,Rose,0
7385.36,Fell,Fell,1
7219.6,Rose,Fell,0
7168.31,Rose,Rose,1
7175.68,Fell,Fell,1
6944.33,Rose,Rose,1
7326.35,Fell,Rose,0
7347.89,Fell,Rose,0
7351.57,Fell,Rose,0
7759.24,Fell,Rose,0
8165.47,Fell,Fell,1
8042.65,Rose,Fell,0
7817.92,Rose,Rose,1
8184.66,Fell,Fell,1
8021.49,Rose,Rose,1
8173.97,Fell,Fell,1
8105.24,Rose,Rose,1
8842.42,Fell,Fell,1
8813.89,Rose,Fell,0
8722.03,Rose,Rose,1
8900.34,Fell,Rose,0
8910.85,Fell,Fell,1
8703.36,Rose,Fell,0
8626.47,Rose,Rose,1
8722.26,Fell,Fell,1
8658.94,Rose,Fell,0
8388.11,Rose,Rose,1
8428.17,Fell,Fell,1
8327.36,Rose,Rose,1
8588.42,Fell,Rose,0
8895.78,Fell,Rose,0
9385.69,Fell,Fell,1
9279.81,Rose,Rose,1
9502.37,Fell,Fell,1
9333.77,Rose,Rose,1
9378.09,Fell,Fell,1
9314.56,Rose,Fell,0
9162.14,Rose,Stayed,0
9162.14,Stayed,Rose,0
9614.9,Fell,Rose,0
9755.66,Fell,Rose,0
9807.54,Fell,Rose,0
9907.12,Fell,Rose,0
10162.41,Fell,Fell,1
9854.79,Rose,Rose,1
10275.38,Fell,Rose,0
10354.3,Fell,Fell,1
10242.43,Rose,Rose,1
10368.53,Fell,Fell,1
9904.17,Rose,Rose,1
9937.67,Fell,Fell,1
9703.93,Rose,Rose,1
10180.65,Fell,Fell,1
9604.72,Rose,Rose,1
9606.86,Fell,Rose,0
9696.58,Fell,Fell,1
9669.63,Rose,Rose,1
9989.39,Fell,Fell,1
9663.75,Rose,Fell,0
9309.15,Rose,Fell,0
8785.52,Rose,Rose,1
8804.72,Fell,Fell,1
8712.35,Rose,Fell,0
8534.17,Rose,Rose,1
8912.82,Fell,Stayed,0
8912.82,Stayed,Fell,0
8754.34,Rose,Rose,1
8758.9,Fell,Rose,0
9067.39,Fell,Rose,0
9155.89,Fell,Fell,1
8898.63,Rose,Fell,0
8039.38,Rose,Fell,0
7931.94,Rose,Fell,0
7885.46,Rose,Rose,1
7936.65,Fell,Fell,1
4830.21,Rose,Rose,1
5609.03,Fell,Fell,1
5166.26,Rose,Rose,1
5348.44,Fell,Fell,1
5026.35,Rose,Rose,1
5357.61,Fell,Rose,0
5410.23,Fell,Rose,0
6195.2,Fell,Rose,0
6226.44,Fell,Fell,1
6189.85,Rose,Fell,0
5822.62,Rose,Rose,1
6502.16,Fell,Rose,0
6768.49,Fell,Fell,1
6698.46,Rose,Rose,1
6763.75,Fell,Fell,1
6369.09,Rose,Fell,0
6260.95,Rose,Fell,0
5885.41,Rose,Rose,1
6405.29,Fell,Rose,0
6428.28,Fell,Rose,0
6652.87,Fell,Rose,0
6809.11,Fell,Fell,1
6741.67,Rose,Rose,1
6871.69,Fell,Fell,1
6777.44,Rose,Rose,1
7343.2,Fell,Fell,1
7205.55,Rose,Rose,1
7365.03,Fell,Fell,1
7293.69,Rose,Fell,0
6873.24,Rose,Rose,1
6891.6,Fell,Rose,0
6915.37,Fell,Fell,1
6857.66,Rose,Rose,1
6871.95,Fell,Fell,1
6623.8,Rose,Rose,1
7112.27,Fell,Fell,1
7034.89,Rose,Rose,1
7259.36,Fell,Fell,1
7130.04,Rose,Fell,0
6840.24,Rose,Rose,1
6852.52,Fell,Rose,0
7130.99,Fell,Rose,0
7477.6,Fell,Rose,0
7507.08,Fell,Rose,0
7549.52,Fell,Rose,0
7699.27,Fell,Rose,0
7790.66,Fell,Fell,1
7765.33,Rose,Rose,1
8777.63,Fell,Fell,1
8628.77,Rose,Rose,1
8824.66,Fell,Rose,0
8973.82,Fell,Fell,1
8903.95,Rose,Fell,0
8885.93,Rose,Rose,1
9030.96,Fell,Rose,0
9170.79,Fell,Rose,0
10002.48,Fell,Fell,1
9821.8,Rose,Fell,0
9527.39,Rose,Fell,0
8754.46,Rose,Fell,0
8617.25,Rose,Rose,1
8814.53,Fell,Rose,0
9305.93,Fell,Rose,0
9790.31,Fell,Fell,1
9303.59,Rose,Rose,1
9385.7,Fell,Rose,0
9669.4,Fell,Rose,0
9719.37,Fell,Rose,0
9785.74,Fell,Fell,1
9510.67,Rose,Fell,0
9057.57,Rose,Rose,1
9167.26,Fell,Rose,0
9178.32,Fell,Fell,1
8730.73,Rose,Rose,1
8899.66,Fell,Fell,1
8842.85,Rose,Rose,1
9197.54,Fell,Rose,0
9569.21,Fell,Fell,1
9425.98,Rose,Rose,1
9698.1,Fell,Fell,1
9450.84,Rose,Rose,1
10204.23,Fell,Fell,1
9525.57,Rose,Rose,1
9658.04,Fell,Rose,0
9794.56,Fell,Fell,1
9623.75,Rose,Rose,1
9670.43,Fell,Rose,0
9753.85,Fell,Rose,0
9782.59,Fell,Fell,1
9775.15,Rose,Rose,1
9892.13,Fell,Fell,1
9286.42,Rose,Rose,1
9459.97,Fell,Rose,0
9473.5,Fell,Fell,1
9330.07,Rose,Rose,1
9426.7,Fell,Rose,0
9526.0,Fell,Fell,1
9454.81,Rose,Fell,0
9380.03,Rose,Fell,0
9300.15,Rose,Rose,1
9357.43,Fell,Fell,1
9284.78,Rose,Rose,1
9691.9,Fell,Fell,1
9621.49,Rose,Fell,0
9276.58,Rose,Fell,0
9240.85,Rose,Fell,0
9154.45,Rose,Fell,0
9004.23,Rose,Rose,1
9127.47,Fell,Rose,0
9185.35,Fell,Fell,1
9133.97,Rose,Rose,1
9236.38,Fell,Fell,1
9087.98,Rose,Fell,0
9072.42,Rose,Rose,1
9131.31,Fell,Fell,1
9089.09,Rose,Rose,1
9348.91,Fell,Fell,1
9256.23,Rose,Rose,1
9440.07,Fell,Fell,1
9238.04,Rose,Rose,1
9287.4,Fell,Fell,1
9235.96,Rose,Rose,1
9295.9,Fell,Fell,1
9238.13,Rose,Rose,1
9254.52,Fell,Fell,1
9193.51,Rose,Fell,0
9131.0,Rose,Rose,1
9154.19,Fell,Rose,0
9174.71,Fell,Rose,0
9214.66,Fell,Fell,1
9163.87,Rose,Rose,1
9392.66,Fell,Rose,0
9537.4,Fell,Rose,0
9613.11,Fell,Fell,1
9551.28,Rose,Rose,1
9707.5,Fell,Rose,0
9938.83,Fell,Rose,0
11042.4,Fell,Fell,1
10934.94,Rose,Rose,1
11102.67,Fell,Rose,0
11114.93,Fell,Rose,0
11343.88,Fell,Rose,0
11823.69,Fell,Fell,1
11077.77,Rose,Rose,1
11242.57,Fell,Fell,1
11194.25,Rose,Rose,1
11750.28,Fell,Rose,0
11772.94,Fell,Fell,1
11605.6,Rose,Rose,1
11767.6,Fell,Fell,1
11684.06,Rose,Rose,1
11893.03,Fell,Fell,1
11392.43,Rose,Rose,1
11573.11,Fell,Rose,0
11777.43,Fell,Fell,1
11774.38,Rose,Rose,1
11873.98,Fell,Rose,0
11914.01,Fell,Rose,0
12293.72,Fell,Fell,1
11969.53,Rose,Fell,0
11734.0,Rose,Rose,1
11865.82,Fell,Fell,1
11522.8,Rose,Rose,1
11683.44,Fell,Fell,1
11653.02,Rose,Rose,1
11763.93,Fell,Fell,1
11337.4,Rose,Rose,1
11467.37,Fell,Fell,1
11302.01,Rose,Rose,1
11534.75,Fell,Fell,1
11481.64,Rose,Rose,1
11707.78,Fell,Fell,1
11659.57,Rose,Rose,1
11923.25,Fell,Fell,1
11397.44,Rose,Fell,0
10187.51,Rose,Rose,1
10467.89,Fell,Fell,1
10159.62,Rose,Rose,1
10254.93,Fell,Rose,0
10367.74,Fell,Fell,1
10121.52,Rose,Rose,1
10227.83,Fell,Rose,0
10352.66,Fell,Rose,0
10395.44,Fell,Rose,0
10446.44,Fell,Fell,1
10330.77,Rose,Rose,1
10674.64,Fell,Rose,0
10785.62,Fell,Rose,0
10948.43,Fell,Fell,1
10943.89,Rose,Fell,0
10931.79,Rose,Rose,1
11081.43,Fell,Fell,1
10919.65,Rose,Fell,0
10430.46,Rose,Rose,1
10532.22,Fell,Fell,1
10234.48,Rose,Rose,1
10732.43,Fell,Fell,1
10692.84,Rose,Rose,1
10732.4,Fell,Rose,0
10774.24,Fell,Fell,1
10692.33,Rose,Rose,1
10840.8,Fell,Fell,1
10777.92,Rose,Fell,0
10619.24,Rose,Fell,0
10575.06,Rose,Fell,0
10551.77,Rose,Rose,1
10673.46,Fell,Rose,0
10788.56,Fell,Fell,1
10603.74,Rose,Rose,1
10670.8,Fell,Rose,0
10923.3,Fell,Rose,0
11063.19,Fell,Rose,0
11302.67,Fell,Rose,0
11376.61,Fell,Rose,0
11540.04,Fell,Fell,1
11428.24,Rose,Rose,1
11431.32,Fell,Rose,0
11503.73,Fell,Fell,1
11327.57,Rose,Rose,1
11366.51,Fell,Rose,0
11508.2,Fell,Rose,0
11758.16,Fell,Rose,0
11925.46,Fell,Rose,0
12831.56,Fell,Rose,0
12990.25,Fell,Fell,1
12944.52,Rose,Rose,1
13128.46,Fell,Fell,1
13036.77,Rose,Rose,1
13076.37,Fell,Rose,0
13651.47,Fell,Fell,1
13289.0,Rose,Rose,1
13458.66,Fell,Rose,0
13564.72,Fell,Rose,0
13810.32,Fell,Fell,1
13758.88,Rose,Fell,0
13575.17,Rose,Rose,1
14023.31,Fell,Rose,0
14155.59,Fell,Rose,0
15591.39,Fell,Rose,0
15595.77,Fell,Fell,1
14839.84,Rose,Rose,1
15490.6,Fell,Fell,1
15328.53,Rose,Fell,0
15317.04,Rose,Rose,1
15708.65,Fell,Rose,0
16295.57,Fell,Rose,0
16339.33,Fell,Fell,1
16091.07,Rose,Fell,0
15968.16,Rose,Rose,1
16725.15,Fell,Rose,0
17679.72,Fell,Rose,0
17798.45,Fell,Rose,0
17820.57,Fell,Rose,0
18687.45,Fell,Rose,0
18699.75,Fell,Fell,1
18422.28,Rose,Fell,0
18398.91,Rose,Rose,1
19172.52,Fell,Fell,1
18739.8,Rose,Fell,0
17151.44,Rose,Fell,0
17138.87,Rose,Rose,1
17732.42,Fell,Rose,0
18191.6,Fell,Rose,0
19709.73,Fell,Fell,1
18792.52,Rose,Rose,1
19226.97,Fell,Rose,0
19454.54,Fell,Fell,1
18670.49,Rose,Rose,1
19155.06,Fell,Rose,0
19377.66,Fell,Fell,1
19181.41,Rose,Fell,0
18318.87,Rose,Rose,1
18554.15,Fell,Fell,1
18247.76,Rose,Fell,0
18029.36,Rose,Rose,1
18803.44,Fell,Rose,0
19164.48,Fell,Rose,0
19276.59,Fell,Rose,0
19439.75,Fell,Rose,0
21379.48,Fell,Rose,0
22847.46,Fell,Rose,0
23150.79,Fell,Rose,0
23869.92,Fell,Fell,1
23490.58,Rose,Fell,0
22745.48,Rose,Rose,1
23824.99,Fell,Fell,1
23253.37,Rose,Rose,1
23715.53,Fell,Rose,0
24693.58,Fell,Rose,0
26443.21,Fell,Fell,1
26246.58,Rose,Rose,1
27036.69,Fell,Rose,0
27376.37,Fell,Rose,0
28856.59,Fell,Rose,0
28982.56,Fell,Rose,0
29393.75,Fell,Rose,0
32195.46,Fell,Rose,0
33000.78,Fell,Fell,1
32035.03,Rose,Rose,1
34046.67,Fell,Rose,0
36860.41,Fell,Rose,0
39486.04,Fell,Rose,0
40670.25,Fell,Fell,1
40240.72,Rose,Fell,0
38240.09,Rose,Fell,0
35544.94,Rose,Fell,0
34011.82,Rose,Rose,1
37393.13,Fell,Rose,0
39158.47,Fell,Fell,1
36828.52,Rose,Fell,0
36065.2,Rose,Fell,0
35793.01,Rose,Rose,1
36632.35,Fell,Fell,1
36020.13,Rose,Fell,0
35538.98,Rose,Fell,0
30797.88,Rose,Rose,1
33002.38,Fell,Fell,1
32099.74,Rose,Rose,1
32276.84,Fell,Fell,1
32243.26,Rose,Rose,1
32541.8,Fell,Fell,1
30419.17,Rose,Rose,1
33403.17,Fell,Rose,0
34314.26,Fell,Rose,0
34318.1,Fell,Fell,1
33136.46,Rose,Rose,1
33522.9,Fell,Rose,0
35529.66,Fell,Rose,0
37676.25,Fell,Fell,1
37002.09,Rose,Rose,1
38278.61,Fell,Rose,0
39323.26,Fell,Fell,1
38928.1,Rose,Rose,1
46364.3,Fell,Rose,0
46589.58,Fell,Fell,1
44878.17,Rose,Rose,1
48013.38,Fell,Fell,1
47471.4,Rose,Fell,0
47185.19,Rose,Rose,1
48720.37,Fell,Fell,1
47951.85,Rose,Rose,1
49160.1,Fell,Rose,0
52118.23,Fell,Fell,1
51608.15,Rose,Rose,1
55916.5,Fell,Rose,0
56001.2,Fell,Rose,0
57487.86,Fell,Fell,1
54123.4,Rose,Fell,0
48880.43,Rose,Rose,1
50624.84,Fell,Fell,1
46800.42,Rose,Fell,0
46340.31,Rose,Fell,0
46155.87,Rose,Fell,0
45113.92,Rose,Rose,1
49618.43,Fell,Fell,1
48356.04,Rose,Rose,1
50477.7,Fell,Fell,1
48448.91,Rose,Rose,1
48861.38,Fell,Rose,0
48881.59,Fell,Rose,0
51169.7,Fell,Rose,0
52299.33,Fell,Rose,0
54881.52,Fell,Rose,0
55997.23,Fell,Rose,0
57764.0,Fell,Fell,1
57253.28,Rose,Rose,1
61258.73,Fell,Fell,1
59133.47,Rose,Fell,0
55754.72,Rose,Rose,1
56872.38,Fell,Rose,0
58913.0,Fell,Fell,1
57665.9,Rose,Rose,1
58075.1,Fell,Rose,0
58085.8,Fell,Fell,1
57411.17,Rose,Fell,0
54204.96,Rose,Rose,1
54477.46,Fell,Fell,1
52508.23,Rose,Fell,0
51415.92,Rose,Rose,1
55074.47,Fell,Rose,0
55863.93,Fell,Fell,1
55783.71,Rose,Rose,1
57627.67,Fell,Rose,0
58730.13,Fell,Rose,0
58735.25,Fell,Rose,0
58736.92,Fell,Rose,0
59031.32,Fell,Fell,1
57076.49,Rose,Rose,1
58206.55,Fell,Rose,0
59054.1,Fell,Fell,1
58020.46,Rose,Fell,0
55947.27,Rose,Rose,1
58048.59,Fell,Rose,0
58102.58,Fell,Rose,0
59774.0,Fell,Rose,0
59964.87,Fell,Fell,1
59834.74,Rose,Rose,1
63554.44,Fell,Fell,1
62969.12,Rose,Rose,1
63252.63,Fell,Fell,1
61455.98,Rose,Fell,0
60087.09,Rose,Fell,0
56251.48,Rose,Fell,0
55703.14,Rose,Rose,1
56507.91,Fell,Fell,1
53808.8,Rose,Fell,0
51731.71,Rose,Fell,0
51153.13,Rose,Fell,0
50110.53,Rose,Fell,0
49075.58,Rose,Rose,1
54056.64,Fell,Rose,0
55071.46,Fell,Fell,1
54884.1,Rose,Fell,0
53584.15,Rose,Rose,1
57796.62,Fell,Rose,0
57857.5,Fell,Fell,1
56610.46,Rose,Rose,1
57213.33,Fell,Fell,1
53241.72,Rose,Rose,1
57473.23,Fell,Fell,1
56428.16,Rose,Rose,1
57380.27,Fell,Rose,0
58928.81,Fell,Fell,1
58280.73,Rose,Fell,0
55883.5,Rose,Rose,1
56750.0,Fell,Fell,1
49007.09,Rose,Rose,1
49702.27,Fell,Rose,0
49922.52,Fell,Fell,1
46736.58,Rose,Fell,0
46441.64,Rose,Fell,0
43596.24,Rose,Fell,0
42912.19,Rose,Fell,0
36964.27,Rose,Rose,1
40784.32,Fell,Fell,1
37280.35,Rose,Rose,1
37528.3,Fell,Fell,1
34754.54,Rose,Rose,1
38728.59,Fell,Fell,1
38410.5,Rose,Rose,1
39266.04,Fell,Fell,1
38445.29,Rose,Fell,0
35689.62,Rose,Fell,0
34647.67,Rose,Rose,1
35684.59,Fell,Rose,0
37310.54,Fell,Fell,1
36662.64,Rose,Rose,1
37585.24,Fell,Rose,0
39188.59,Fell,Fell,1
36885.51,Rose,Fell,0
35530.38,Rose,Rose,1
35816.17,Fell,Fell,1
33514.87,Rose,Fell,0
33450.19,Rose,Rose,1
37338.36,Fell,Fell,1
36704.57,Rose,Rose,1
37313.18,Fell,Fell,1
35494.9,Rose,Rose,1
39066.82,Fell,Rose,0
40525.8,Fell,Fell,1
40188.56,Rose,Fell,0
38324.87,Rose,Fell,0
38068.04,Rose,Fell,0
35729.82,Rose,Fell,0
35524.17,Rose,Rose,1
35592.35,Fell,Fell,1
31686.55,Rose,Rose,1
32447.59,Fell,Rose,0
33674.66,Fell,Rose,0
34639.38,Fell,Fell,1
31640.58,Rose,Rose,1
32160.91,Fell,Rose,0
34644.45,Fell,Fell,1
34456.67,Rose,Rose,1
35847.7,Fell,Fell,1
35047.36,Rose,Fell,0
33536.88,Rose,Rose,1
33856.86,Fell,Rose,0
34688.98,Fell,Rose,0
35309.3,Fell,Fell,1
33747.97,Rose,Rose,1
34211.01,Fell,Fell,1
33839.04,Rose,Fell,0
32877.41,Rose,Rose,1
33818.52,Fell,Fell,1
33515.57,Rose,Rose,1
34227.64,Fell,Fell,1
33158.25,Rose,Fell,0
32686.56,Rose,Rose,1
32814.61,Fell,Fell,1
31738.59,Rose,Fell,0
31421.25,Rose,Rose,1
31520.66,Fell,Rose,0
31783.49,Fell,Fell,1
30815.94,Rose,Fell,0
29790.24,Rose,Rose,1
32118.06,Fell,Rose,0
32297.89,Fell,Rose,0
33581.63,Fell,Rose,0
34279.34,Fell,Rose,0
35365.2,Fell,Rose,0
37318.14,Fell,Rose,0
39405.95,Fell,Rose,0
40002.53,Fell,Rose,0
40005.93,Fell,Rose,0
42214.15,Fell,Fell,1
41659.06,Rose,Fell,0
40000.46,Rose,Fell,0
39193.94,Rose,Fell,0
38138.0,Rose,Rose,1
39750.14,Fell,Rose,0
40882.0,Fell,Rose,0
42825.95,Fell,Rose,0
44634.13,Fell,Fell,1
43816.14,Rose,Rose,1
46333.46,Fell,Fell,1
45608.37,Rose,Rose,1
45611.46,Fell,Fell,1
44417.78,Rose,Rose,1
47833.98,Fell,Fell,1
47112.19,Rose,Fell,0
47056.41,Rose,Fell,0
45982.55,Rose,Fell,0
44648.57,Rose,Rose,1
44777.86,Fell,Rose,0
46734.65,Fell,Rose,0
49327.75,Fell,Fell,1
48932.02,Rose,Rose,1
49335.68,Fell,Rose,0
49523.5,Fell,Fell,1
47744.58,Rose,Rose,1
48972.09,Fell,Fell,1
46962.8,Rose,Rose,1
49056.86,Fell,Fell,1
48897.65,Rose,Fell,0
48806.78,Rose,Fell,0
47074.77,Rose,Rose,1
47155.87,Fell,Rose,0
48862.76,Fell,Rose,0
49329.01,Fell,Rose,0
50035.33,Fell,Fell,1
49947.38,Rose,Rose,1
51769.06,Fell,Rose,0
52677.4,Fell,Fell,1
46809.17,Rose,Fell,0
46078.38,Rose,Rose,1
52.65259555048488